student_id,student_name,internship_id,company_name,role,match_score,skill_match,interest_match,cgpa_match,location_match,branch_match,experience_match
STU1120,Shaurya Kapoor,INT131,ByteStream Solutions,Cloud Engineer Intern,0.9483333333333336,0.9333333333333332,1.0,1.0,1.0,1.0,0.5
STU430,Riya Gupta,INT017,PixelPerfect Studios,Frontend Developer Intern,0.9372916666666667,0.8666666666666667,1.0,0.9375,1.0,1.0,1.0
STU670,Ayaan Rao,INT146,CloudNine Systems,Backend Developer Intern,0.917,0.8,1.0,0.98,1.0,1.0,1.0
STU959,Advait Mehta,INT051,PixelPerfect Studios,Mobile App Developer Intern,0.9114285714285716,0.9,1.0,0.9095238095238094,1.0,0.8,0.5
STU274,Krishna Shah,INT053,SecureNet Technologies,Web Developer Intern,0.8708076923076925,0.6900000000000002,1.0,0.9653846153846156,1.0,1.0,1.0
STU486,Aarohi Sinha,INT096,SecureNet Technologies,ML Engineer Intern,0.865078125,0.8,1.0,0.9671875,1.0,0.0,1.0
STU668,Ayaan Kapoor,INT103,PixelPerfect Studios,Cloud Engineer Intern,0.8640909090909092,0.7000000000000001,1.0,0.893939393939394,1.0,1.0,1.0
STU248,Ananya Tiwari,INT013,InfraCode Systems,Cloud Engineer Intern,0.8600757575757577,0.6666666666666666,1.0,0.9560606060606062,1.0,1.0,1.0
STU369,Yash Bansal,INT101,MobileFirst Apps,Frontend Developer Intern,0.8547826086956523,0.8,1.0,0.5652173913043478,1.0,1.0,1.0
STU588,Sai Sharma,INT063,PixelPerfect Studios,Full Stack Developer Intern,0.8522500000000002,0.6400000000000001,1.0,0.975,1.0,1.0,1.0
STU1499,Kabir Kulkarni,INT060,CyberShield Corp,Backend Developer Intern,0.8476612903225809,0.8,0.7,0.917741935483871,1.0,1.0,1.0
STU787,Advait Pandey,INT074,PixelPerfect Studios,Cybersecurity Intern,0.8476315789473686,0.7000000000000001,1.0,0.7842105263157895,1.0,1.0,1.0
STU1156,Diya Kumar,INT128,WebCraft Digital,Data Science Intern,0.8465530303030304,0.6666666666666666,1.0,0.865909090909091,1.0,1.0,1.0
STU428,Kiaan Desai,INT038,QuantumLeap Tech,Backend Developer Intern,0.8422380952380953,0.6666666666666666,1.0,0.8371428571428571,1.0,1.0,1.0
STU662,Sai Chopra,INT080,CloudNine Systems,Backend Developer Intern,0.8398684210526316,0.8,1.0,0.9657894736842104,1.0,0.0,0.5
STU667,Kavya Mishra,INT013,InfraCode Systems,Cloud Engineer Intern,0.838409090909091,0.6,1.0,0.9893939393939392,1.0,1.0,1.0
STU689,Aditi Bansal,INT073,AI Innovations Lab,Backend Developer Intern,0.8383571428571429,0.6799999999999999,1.0,0.7757142857142857,1.0,1.0,1.0
STU1397,Myra Khan,INT089,InfraCode Systems,Data Science Intern,0.8382727272727274,0.7400000000000001,1.0,0.9484848484848484,1.0,0.0,1.0
STU1398,Vihaan Sinha,INT044,PixelPerfect Studios,Data Analyst Intern,0.8373958333333335,0.6333333333333333,1.0,0.89375,1.0,1.0,1.0
STU1121,Vihaan Sharma,INT092,ByteStream Solutions,Frontend Developer Intern,0.8372121212121214,0.7066666666666668,1.0,0.7636363636363639,1.0,0.8,1.0
STU628,Kavya Jain,INT145,CyberShield Corp,Cybersecurity Intern,0.8369642857142859,0.8,0.7,0.8464285714285715,1.0,1.0,1.0
STU831,Ananya Saxena,INT013,InfraCode Systems,Cloud Engineer Intern,0.8368181818181819,0.6,1.0,0.9787878787878788,1.0,1.0,1.0
STU313,Tara Tiwari,INT122,WebCraft Digital,Data Science Intern,0.8364807692307693,0.7400000000000001,1.0,0.9365384615384617,1.0,0.0,1.0
STU1115,Rudra Malhotra,INT103,PixelPerfect Studios,Cloud Engineer Intern,0.8302272727272729,0.6000000000000001,1.0,0.9348484848484848,1.0,1.0,1.0
STU775,Krishna Bansal,INT069,SecureNet Technologies,Frontend Developer Intern,0.8274218750000001,0.8,1.0,0.8828125,1.0,0.0,0.5
STU1360,Diya Kapoor,INT044,PixelPerfect Studios,Data Analyst Intern,0.8268333333333334,0.6333333333333333,1.0,0.8899999999999999,1.0,0.8,1.0
STU109,Sai Tiwari,INT074,PixelPerfect Studios,Cybersecurity Intern,0.8253947368421054,0.7000000000000001,1.0,0.8026315789473684,1.0,1.0,0.5
STU1110,Vihaan Mishra,INT047,CloudScale Tech,ML Engineer Intern,0.8227864583333334,0.7333333333333334,0.7,0.9296875,1.0,1.0,1.0
STU1440,Priya Rao,INT003,MobileFirst Apps,Data Analyst Intern,0.8220394736842106,0.8,1.0,0.6802631578947369,1.0,0.0,1.0
STU249,Arjun Sharma,INT014,AI Innovations Lab,Web Developer Intern,0.8210606060606062,0.5833333333333334,1.0,0.9181818181818184,1.0,1.0,1.0
STU449,Pari Bansal,INT102,CloudScale Tech,Frontend Developer Intern,0.8171000000000002,0.8500000000000001,0.7,0.914,1.0,0.0,1.0
STU840,Pranav Pandey,INT133,DataMinds Analytics,ML Engineer Intern,0.814279411764706,0.58,1.0,0.948529411764706,1.0,0.8,1.0
STU215,Yash Bansal,INT096,SecureNet Technologies,ML Engineer Intern,0.8135156250000001,0.6,1.0,0.8234374999999998,1.0,1.0,1.0
STU1173,Pari Malhotra,INT051,PixelPerfect Studios,Mobile App Developer Intern,0.8133333333333335,0.5333333333333333,1.0,1.0,1.0,1.0,1.0
STU867,Ananya Chauhan,INT118,MobileFirst Apps,ML Engineer Intern,0.811607843137255,0.5466666666666666,1.0,0.9529411764705882,1.0,1.0,1.0
STU886,Yash Shah,INT096,SecureNet Technologies,ML Engineer Intern,0.8114583333333335,0.5333333333333333,1.0,0.9875,1.0,1.0,1.0
STU784,Rohan Mehta,INT060,CyberShield Corp,Backend Developer Intern,0.8104032258064517,0.8,0.7,0.6693548387096774,1.0,1.0,1.0
STU909,Krishna Nair,INT044,PixelPerfect Studios,Data Analyst Intern,0.8090208333333334,0.5333333333333333,1.0,0.97125,1.0,1.0,1.0
STU1283,Riya Sinha,INT003,MobileFirst Apps,Data Analyst Intern,0.8080087719298247,0.5466666666666666,1.0,0.9289473684210529,1.0,1.0,1.0
STU1128,Anika Iyer,INT046,PixelPerfect Studios,Software Developer Intern,0.8020384615384617,0.52,1.0,0.9602564102564102,1.0,1.0,1.0
STU1266,Tara Mishra,INT101,MobileFirst Apps,Frontend Developer Intern,0.7986956521739131,0.6500000000000001,1.0,0.5913043478260868,1.0,1.0,1.0
STU1164,Rohan Patel,INT005,CloudNine Systems,Mobile App Developer Intern,0.7976250000000001,0.6000000000000001,1.0,0.7174999999999998,1.0,1.0,1.0
STU947,Rohan Desai,INT009,ByteStream Solutions,Data Analyst Intern,0.7950000000000002,0.6000000000000001,1.0,0.9333333333333336,1.0,0.8,0.5
STU1252,Kabir Kulkarni,INT088,SmartData Corp,Software Developer Intern,0.7922857142857144,0.6500000000000001,0.7,0.9485714285714286,1.0,1.0,1.0
STU1341,Rudra Singh,INT069,SecureNet Technologies,Frontend Developer Intern,0.7922395833333334,0.5333333333333333,1.0,0.859375,1.0,1.0,1.0
STU1473,Aditya Mehta,INT046,PixelPerfect Studios,Software Developer Intern,0.7921923076923078,0.58,1.0,0.8012820512820512,1.0,0.8,1.0
STU1132,Aarav Mehta,INT115,ByteStream Solutions,Data Analyst Intern,0.7918750000000001,0.5333333333333333,1.0,0.8569444444444445,1.0,1.0,1.0
STU1278,Kiaan Desai,INT148,AI Innovations Lab,Frontend Developer Intern,0.7917948717948718,0.5333333333333333,1.0,0.8564102564102565,1.0,1.0,1.0
STU1133,Vihaan Bhatia,INT073,AI Innovations Lab,Backend Developer Intern,0.7915714285714287,0.48,1.0,0.9971428571428572,1.0,1.0,1.0
STU432,Ira Jain,INT099,DataMinds Analytics,Software Developer Intern,0.7914687500000002,0.6400000000000001,1.0,0.9031250000000002,1.0,0.0,1.0
STU657,Sai Pandey,INT047,CloudScale Tech,ML Engineer Intern,0.7907031250000001,0.9,0.7,0.6046875,1.0,0.0,1.0
STU064,Aarohi Verma,INT049,QuantumLeap Tech,Backend Developer Intern,0.7905000000000001,0.5,1.0,0.9366666666666664,1.0,1.0,1.0
STU095,Myra Desai,INT132,CloudScale Tech,Frontend Developer Intern,0.7898177083333334,0.6333333333333333,0.7,0.9765625,1.0,1.0,1.0
STU1459,Krishna Saxena,INT069,SecureNet Technologies,Frontend Developer Intern,0.7891406250000002,0.6,1.0,0.6609375000000001,1.0,1.0,1.0
STU183,Sai Mishra,INT053,SecureNet Technologies,Web Developer Intern,0.7890192307692309,0.53,1.0,0.9134615384615384,1.0,0.8,1.0
STU974,Diya Bhatia,INT101,MobileFirst Apps,Frontend Developer Intern,0.7884782608695654,0.6000000000000001,1.0,0.6565217391304348,1.0,1.0,1.0
STU1472,Aditi Patel,INT089,InfraCode Systems,Data Science Intern,0.7876818181818183,0.58,1.0,0.7045454545454546,1.0,1.0,1.0
STU519,Aarav Kapoor,INT006,SmartData Corp,DevOps Intern,0.7861111111111112,0.6333333333333333,0.7,0.951851851851852,1.0,1.0,1.0
STU548,Pranav Kapoor,INT148,AI Innovations Lab,Frontend Developer Intern,0.7857692307692309,0.5,1.0,0.9051282051282052,1.0,1.0,1.0
STU1458,Kabir Chauhan,INT106,SmartData Corp,Software Developer Intern,0.7857291666666668,0.6666666666666667,0.7,0.8604166666666667,1.0,1.0,1.0
STU800,Ananya Jain,INT012,WebCraft Digital,DevOps Intern,0.7854375000000001,0.48,1.0,0.95625,1.0,1.0,1.0
STU711,Anika Desai,INT087,SmartData Corp,Mobile App Developer Intern,0.7853548387096776,0.7400000000000001,0.7,0.7290322580645161,1.0,0.8,1.0
STU453,Vihaan Shah,INT096,SecureNet Technologies,ML Engineer Intern,0.7849739583333334,0.5333333333333333,1.0,0.8109374999999999,1.0,1.0,1.0
STU1201,Sara Agarwal,INT075,MobileFirst Apps,ML Engineer Intern,0.7847142857142858,0.48,1.0,0.9514285714285716,1.0,1.0,1.0
STU739,Neha Chopra,INT075,MobileFirst Apps,ML Engineer Intern,0.7845000000000001,0.48,1.0,0.95,1.0,1.0,1.0
STU780,Yash Thakur,INT002,QuantumLeap Tech,Software Developer Intern,0.7842058823529413,0.53,1.0,0.8147058823529412,1.0,1.0,1.0
STU108,Aadhya Chopra,INT100,InfraCode Systems,DevOps Intern,0.7840885416666669,0.4666666666666667,1.0,0.9828125,1.0,1.0,1.0
STU899,Ananya Bhatia,INT115,ByteStream Solutions,Data Analyst Intern,0.7837500000000001,0.6,1.0,0.9583333333333331,1.0,0.0,1.0
STU1050,Advait Agarwal,INT115,ByteStream Solutions,Data Analyst Intern,0.7837500000000001,0.6,1.0,0.625,1.0,1.0,1.0
STU966,Aditya Chauhan,INT017,PixelPerfect Studios,Frontend Developer Intern,0.7823958333333334,0.5333333333333333,1.0,0.79375,1.0,1.0,1.0
STU281,Advait Iyer,INT133,DataMinds Analytics,ML Engineer Intern,0.7822941176470589,0.48,1.0,0.9352941176470588,1.0,1.0,1.0
STU073,Myra Jain,INT147,PixelPerfect Studios,Software Developer Intern,0.7808333333333334,0.6333333333333333,1.0,0.8500000000000001,1.0,0.0,1.0
STU672,Shreya Saxena,INT122,WebCraft Digital,Data Science Intern,0.779846153846154,0.6400000000000001,0.7,0.8923076923076922,1.0,1.0,1.0
STU1150,Atharv Sinha,INT140,CloudNine Systems,Cybersecurity Intern,0.7793552631578948,0.6400000000000001,1.0,0.7223684210526315,1.0,0.8,0.5
STU1441,Aarohi Tiwari,INT108,ByteStream Solutions,Full Stack Developer Intern,0.7788636363636365,0.6000000000000001,1.0,0.5924242424242423,1.0,1.0,1.0
STU1253,Pari Jain,INT075,MobileFirst Apps,ML Engineer Intern,0.7785000000000001,0.48,1.0,0.91,1.0,1.0,1.0
STU898,Rohan Sinha,INT101,MobileFirst Apps,Frontend Developer Intern,0.7759782608695653,0.6000000000000001,1.0,0.9065217391304348,1.0,0.0,1.0
STU746,Ishaan Gupta,INT108,ByteStream Solutions,Full Stack Developer Intern,0.775909090909091,0.45,1.0,0.9727272727272728,1.0,1.0,1.0
STU556,Reyansh Joshi,INT051,PixelPerfect Studios,Mobile App Developer Intern,0.7758333333333335,0.6333333333333333,1.0,0.8166666666666668,1.0,0.0,1.0
STU286,Navya Tiwari,INT098,ByteStream Solutions,Frontend Developer Intern,0.7758333333333335,0.5,1.0,0.8388888888888888,1.0,1.0,1.0
STU714,Priya Mehta,INT137,ByteStream Solutions,Web Developer Intern,0.7752083333333334,0.5333333333333333,1.0,0.7458333333333332,1.0,1.0,1.0
STU691,Diya Thakur,INT132,CloudScale Tech,Frontend Developer Intern,0.7743489583333334,0.6333333333333333,0.7,0.8734374999999999,1.0,1.0,1.0
STU354,Pooja Patel,INT054,CloudNine Systems,Frontend Developer Intern,0.7742857142857144,0.6,1.0,0.5619047619047619,1.0,1.0,1.0
STU334,Ishaan Sinha,INT139,WebCraft Digital,Mobile App Developer Intern,0.7741250000000002,0.6000000000000001,1.0,0.7275,1.0,1.0,0.5
STU700,Rudra Agarwal,INT097,MobileFirst Apps,ML Engineer Intern,0.773388888888889,0.53,1.0,0.9092592592592592,1.0,1.0,0.5
STU224,Reyansh Saxena,INT042,AI Innovations Lab,Web Developer Intern,0.7731818181818183,0.6000000000000001,1.0,0.5545454545454545,1.0,1.0,1.0
STU1274,Aditya Saxena,INT140,CloudNine Systems,Cybersecurity Intern,0.7730526315789474,0.48,1.0,0.8736842105263156,1.0,1.0,1.0
STU1493,Yash Bhatia,INT108,ByteStream Solutions,Full Stack Developer Intern,0.7725000000000001,0.6500000000000001,1.0,0.75,1.0,0.0,1.0
STU270,Diya Sinha,INT108,ByteStream Solutions,Full Stack Developer Intern,0.7722727272727273,0.45,1.0,0.9484848484848484,1.0,1.0,1.0
STU176,Pooja Joshi,INT092,ByteStream Solutions,Frontend Developer Intern,0.7720757575757577,0.5466666666666666,1.0,0.9227272727272728,1.0,0.8,0.5
STU1140,Reyansh Bansal,INT088,SmartData Corp,Software Developer Intern,0.7717857142857144,0.6500000000000001,0.7,0.9785714285714284,1.0,1.0,0.5
STU620,Riya Malhotra,INT109,SecureNet Technologies,Full Stack Developer Intern,0.7716666666666668,0.5,1.0,0.8111111111111112,1.0,1.0,1.0
STU993,Vihaan Patel,INT032,PixelPerfect Studios,Data Science Intern,0.7716000000000002,0.6000000000000001,1.0,0.5439999999999999,1.0,1.0,1.0
STU490,Vivaan Rao,INT049,QuantumLeap Tech,Backend Developer Intern,0.77075,0.5,1.0,0.9716666666666668,1.0,1.0,0.5
STU832,Arjun Chauhan,INT118,MobileFirst Apps,ML Engineer Intern,0.7703039215686276,0.4533333333333333,1.0,0.9264705882352942,1.0,1.0,1.0
STU1016,Ananya Bhatia,INT012,WebCraft Digital,DevOps Intern,0.7695000000000001,0.48,1.0,0.8499999999999999,1.0,1.0,1.0
STU1015,Ishaan Rao,INT042,AI Innovations Lab,Web Developer Intern,0.7693181818181819,0.45,1.0,0.9287878787878788,1.0,1.0,1.0
STU1407,Sai Saxena,INT099,DataMinds Analytics,Software Developer Intern,0.767234375,0.48,1.0,0.9015624999999998,1.0,0.8,1.0
STU551,Yash Bhatia,INT118,MobileFirst Apps,ML Engineer Intern,0.7666813725490197,0.5466666666666666,1.0,0.986764705882353,1.0,0.0,1.0
STU143,Neha Chauhan,INT073,AI Innovations Lab,Backend Developer Intern,0.7658571428571429,0.48,1.0,0.8257142857142856,1.0,1.0,1.0
STU1077,Myra Kumar,INT006,SmartData Corp,DevOps Intern,0.7658333333333335,0.5833333333333334,0.7,0.95,1.0,1.0,1.0
STU836,Pranav Iyer,INT073,AI Innovations Lab,Backend Developer Intern,0.7650000000000001,0.42,1.0,0.98,1.0,1.0,1.0
STU702,Arjun Agarwal,INT022,DataMinds Analytics,Full Stack Developer Intern,0.764409090909091,0.6400000000000001,1.0,0.7227272727272727,1.0,0.0,1.0
STU085,Ananya Gupta,INT040,QuantumLeap Tech,Full Stack Developer Intern,0.7633125000000002,0.42,1.0,0.96875,1.0,1.0,1.0
STU140,Ira Shah,INT071,DataMinds Analytics,Full Stack Developer Intern,0.7630952380952383,0.4666666666666667,1.0,0.8428571428571427,1.0,1.0,1.0
STU1480,Reyansh Kumar,INT139,WebCraft Digital,Mobile App Developer Intern,0.7625416666666668,0.6666666666666667,0.7,0.8725,1.0,1.0,0.5
STU872,Pranav Mehta,INT012,WebCraft Digital,DevOps Intern,0.7622760416666668,0.7066666666666668,0.7,0.7640625000000001,1.0,1.0,0.5
STU1439,Aarav Malhotra,INT140,CloudNine Systems,Cybersecurity Intern,0.7620526315789474,0.6400000000000001,1.0,0.8736842105263156,1.0,0.0,0.5
STU1484,Aditi Chauhan,INT009,ByteStream Solutions,Data Analyst Intern,0.7616666666666667,0.5,1.0,0.911111111111111,1.0,1.0,0.5
STU791,Riya Reddy,INT102,CloudScale Tech,Frontend Developer Intern,0.7611333333333334,0.6333333333333333,0.7,0.952,1.0,1.0,0.5
STU1279,Kiaan Rao,INT042,AI Innovations Lab,Web Developer Intern,0.7597727272727274,0.45,1.0,0.865151515151515,1.0,1.0,1.0
STU1147,Kavya Sinha,INT104,AI Innovations Lab,Web Developer Intern,0.7594702380952382,0.5466666666666666,1.0,0.6053571428571428,1.0,1.0,1.0
STU327,Navya Singh,INT052,AI Innovations Lab,Cloud Engineer Intern,0.7590714285714287,0.42,1.0,0.9404761904761904,1.0,1.0,1.0
STU040,Yash Iyer,INT042,AI Innovations Lab,Web Developer Intern,0.7586363636363638,0.4,1.0,0.9909090909090909,1.0,1.0,1.0
STU093,Navya Tiwari,INT121,MobileFirst Apps,ML Engineer Intern,0.7585937500000001,0.4,1.0,0.990625,1.0,1.0,1.0
STU1182,Ishaan Rao,INT110,DataMinds Analytics,Mobile App Developer Intern,0.758409090909091,0.4,1.0,0.9893939393939392,1.0,1.0,1.0
STU014,Shreya Kumar,INT017,PixelPerfect Studios,Frontend Developer Intern,0.7580208333333335,0.5333333333333333,1.0,0.63125,1.0,1.0,1.0
STU063,Advait Bansal,INT037,ByteStream Solutions,DevOps Intern,0.7580147058823531,0.4,1.0,0.986764705882353,1.0,1.0,1.0
STU708,Neha Iyer,INT005,CloudNine Systems,Mobile App Developer Intern,0.756125,0.7000000000000001,1.0,0.5074999999999998,1.0,0.0,1.0
STU686,Navya Thakur,INT116,SecureNet Technologies,Data Science Intern,0.7558695652173915,0.6000000000000001,1.0,0.9391304347826088,1.0,0.0,0.5
STU051,Ishaan Desai,INT109,SecureNet Technologies,Full Stack Developer Intern,0.7555555555555556,0.6000000000000001,1.0,0.7703703703703704,1.0,0.0,1.0
STU901,Anika Patel,INT095,ByteStream Solutions,DevOps Intern,0.7552380952380954,0.4666666666666667,1.0,0.7904761904761903,1.0,1.0,1.0
STU1378,Riya Saxena,INT116,SecureNet Technologies,Data Science Intern,0.755072463768116,0.5333333333333333,1.0,0.7782608695652175,1.0,1.0,0.5
STU661,Tara Gupta,INT108,ByteStream Solutions,Full Stack Developer Intern,0.7545454545454547,0.5,1.0,0.696969696969697,1.0,1.0,1.0
STU528,Ira Joshi,INT069,SecureNet Technologies,Frontend Developer Intern,0.7540625000000001,0.6,1.0,0.5937500000000001,1.0,1.0,0.5
STU1476,Vihaan Chauhan,INT085,Analytics Pro,Backend Developer Intern,0.7540517241379312,0.9,0.0,0.9603448275862068,1.0,1.0,1.0
STU225,Rohan Chopra,INT066,SmartData Corp,Cybersecurity Intern,0.7539743589743592,0.6666666666666667,0.7,0.6487179487179487,1.0,1.0,1.0
STU212,Ishaan Chopra,INT117,ByteStream Solutions,Data Science Intern,0.7536607142857144,0.45,1.0,0.9910714285714284,1.0,1.0,0.5
STU1324,Reyansh Reddy,INT104,AI Innovations Lab,Web Developer Intern,0.7534285714285716,0.48,1.0,0.7428571428571429,1.0,1.0,1.0
STU1338,Ayaan Chopra,INT109,SecureNet Technologies,Full Stack Developer Intern,0.7533333333333335,0.4,1.0,0.9555555555555556,1.0,1.0,1.0
STU267,Priya Agarwal,INT104,AI Innovations Lab,Web Developer Intern,0.7528511904761906,0.4533333333333333,1.0,0.8767857142857144,1.0,0.8,1.0
STU863,Rohan Agarwal,INT062,InfraCode Systems,Cybersecurity Intern,0.7516666666666667,0.45,1.0,0.977777777777778,1.0,1.0,0.5
STU681,Kavya Kulkarni,INT065,CloudNine Systems,Cloud Engineer Intern,0.7513970588235295,0.5,1.0,0.8426470588235293,1.0,1.0,0.5
STU565,Shreya Iyer,INT042,AI Innovations Lab,Web Developer Intern,0.7511363636363638,0.4,1.0,0.9409090909090908,1.0,1.0,1.0
STU543,Aarav Sinha,INT145,CyberShield Corp,Cybersecurity Intern,0.7509226190476191,0.5333333333333333,0.7,0.9839285714285716,1.0,1.0,1.0
STU1461,Diya Patel,INT116,SecureNet Technologies,Data Science Intern,0.7505797101449276,0.6666666666666667,1.0,0.7260869565217392,1.0,0.0,0.5
STU799,Saanvi Reddy,INT095,ByteStream Solutions,DevOps Intern,0.7497619047619049,0.5333333333333333,1.0,0.5761904761904763,1.0,1.0,1.0
STU1171,Priya Mishra,INT132,CloudScale Tech,Frontend Developer Intern,0.7493489583333334,0.5333333333333333,0.7,0.9734375,1.0,1.0,1.0
STU241,Aadhya Khan,INT122,WebCraft Digital,Data Science Intern,0.7493076923076923,0.48,1.0,0.7153846153846153,1.0,1.0,1.0
STU1058,Diya Mehta,INT028,CyberShield Corp,Web Developer Intern,0.7492500000000001,0.6,0.7,0.9616666666666668,1.0,1.0,0.5
STU022,Neha Joshi,INT068,SmartData Corp,Full Stack Developer Intern,0.7492424242424244,0.7333333333333334,0.7,0.6060606060606061,1.0,1.0,0.5
STU297,Pranav Bansal,INT117,ByteStream Solutions,Data Science Intern,0.7492261904761905,0.5333333333333333,1.0,0.7392857142857141,1.0,1.0,0.5
STU1001,Rudra Iyer,INT049,QuantumLeap Tech,Backend Developer Intern,0.7489166666666668,0.4666666666666667,1.0,0.915,1.0,1.0,0.5
STU1348,Ananya Nair,INT006,SmartData Corp,DevOps Intern,0.7488888888888889,0.5833333333333334,0.7,0.8370370370370369,1.0,1.0,1.0
STU915,Ayaan Mishra,INT017,PixelPerfect Studios,Frontend Developer Intern,0.7488802083333335,0.5333333333333333,1.0,0.5703125,1.0,1.0,1.0
STU1240,Vivaan Chopra,INT114,ByteStream Solutions,Cybersecurity Intern,0.7483552631578949,0.5,1.0,0.8223684210526316,1.0,1.0,0.5
STU879,Rohan Rao,INT018,SecureNet Technologies,Web Developer Intern,0.7475362318840582,0.4666666666666667,1.0,0.7391304347826089,1.0,1.0,1.0
STU640,Kiaan Gupta,INT109,SecureNet Technologies,Full Stack Developer Intern,0.7472222222222223,0.4,1.0,0.9148148148148146,1.0,1.0,1.0
STU678,Aarohi Thakur,INT070,PixelPerfect Studios,Data Science Intern,0.7460416666666667,0.4666666666666667,1.0,0.9625,1.0,0.8,0.5
STU622,Aarav Desai,INT109,SecureNet Technologies,Full Stack Developer Intern,0.7452777777777778,0.5,1.0,0.9685185185185186,1.0,0.0,1.0
STU1191,Krishna Iyer,INT104,AI Innovations Lab,Web Developer Intern,0.7451250000000001,0.48,1.0,0.6875,1.0,1.0,1.0
STU934,Aarav Gupta,INT125,PixelPerfect Studios,Data Science Intern,0.7449687500000001,0.53,1.0,0.553125,1.0,1.0,1.0
STU299,Riya Kulkarni,INT030,DataMinds Analytics,DevOps Intern,0.7442045454545456,0.5,1.0,0.8613636363636366,1.0,0.8,0.5
STU194,Aarav Reddy,INT070,PixelPerfect Studios,Data Science Intern,0.7439880952380954,0.4666666666666667,1.0,0.8821428571428571,1.0,1.0,0.5
STU220,Aditi Khan,INT070,PixelPerfect Studios,Data Science Intern,0.7437202380952382,0.4666666666666667,1.0,0.8803571428571428,1.0,1.0,0.5
STU485,Ishaan Khan,INT070,PixelPerfect Studios,Data Science Intern,0.7437202380952382,0.4666666666666667,1.0,0.8803571428571428,1.0,1.0,0.5
STU216,Myra Patel,INT098,ByteStream Solutions,Frontend Developer Intern,0.7435416666666668,0.5,1.0,0.6236111111111111,1.0,1.0,1.0
STU697,Nisha Pandey,INT052,AI Innovations Lab,Cloud Engineer Intern,0.7430714285714287,0.48,1.0,0.673809523809524,1.0,1.0,1.0
STU233,Diya Khan,INT039,DataMinds Analytics,Frontend Developer Intern,0.7429666666666668,0.3866666666666667,1.0,0.922,1.0,1.0,1.0
STU179,Priya Joshi,INT034,InfraCode Systems,Full Stack Developer Intern,0.7428125000000001,0.5,1.0,0.61875,1.0,1.0,1.0
STU1296,Ira Pandey,INT065,CloudNine Systems,Cloud Engineer Intern,0.7423774509803922,0.5333333333333333,1.0,0.7602941176470588,1.0,0.8,0.5
STU1403,Advait Singh,INT125,PixelPerfect Studios,Data Science Intern,0.7418437500000001,0.53,1.0,0.8656250000000001,1.0,0.0,1.0
STU1498,Sai Verma,INT004,DataMinds Analytics,Data Science Intern,0.741659090909091,0.48,1.0,0.9977272727272728,1.0,0.0,1.0
STU1285,Pari Desai,INT116,SecureNet Technologies,Data Science Intern,0.7411231884057972,0.4666666666666667,1.0,0.8630434782608694,1.0,1.0,0.5
STU371,Pari Gupta,INT098,ByteStream Solutions,Frontend Developer Intern,0.7408333333333335,0.3666666666666667,1.0,0.9611111111111112,1.0,1.0,1.0
STU527,Arnav Shah,INT122,WebCraft Digital,Data Science Intern,0.7405576923076923,0.48,1.0,0.9903846153846152,1.0,0.0,1.0
STU572,Priya Nair,INT009,ByteStream Solutions,Data Analyst Intern,0.7405555555555556,0.6000000000000001,1.0,0.5703703703703703,1.0,0.8,0.5
STU1375,Riya Tiwari,INT097,MobileFirst Apps,ML Engineer Intern,0.7405000000000002,0.42,1.0,0.9833333333333334,1.0,1.0,0.5
STU184,Aarav Bansal,INT037,ByteStream Solutions,DevOps Intern,0.739044117647059,0.4,1.0,0.8602941176470589,1.0,1.0,1.0
STU434,Shaurya Iyer,INT100,InfraCode Systems,DevOps Intern,0.7382031250000002,0.4,1.0,0.8546875,1.0,1.0,1.0
STU591,Diya Bansal,INT028,CyberShield Corp,Web Developer Intern,0.7375000000000002,0.6,0.7,0.7166666666666668,1.0,1.0,1.0
STU1198,Kabir Mishra,INT078,DataMinds Analytics,Backend Developer Intern,0.737279411764706,0.4,1.0,0.848529411764706,1.0,1.0,1.0
STU571,Yash Mishra,INT039,DataMinds Analytics,Frontend Developer Intern,0.7363666666666668,0.3866666666666667,1.0,0.8780000000000001,1.0,1.0,1.0
STU1464,Rudra Kulkarni,INT090,CloudScale Tech,Cybersecurity Intern,0.7360227272727274,0.8,0.7,0.5068181818181818,1.0,0.0,1.0
STU065,Advait Joshi,INT093,CloudScale Tech,Mobile App Developer Intern,0.7356250000000001,0.5,0.7,0.9708333333333332,1.0,1.0,1.0
STU881,Diya Reddy,INT006,SmartData Corp,DevOps Intern,0.7355555555555556,0.6333333333333333,0.7,0.6148148148148148,1.0,1.0,1.0
STU099,Shreya Tiwari,INT125,PixelPerfect Studios,Data Science Intern,0.735359375,0.48,1.0,0.7890625,1.0,1.0,0.5
STU888,Kiaan Mishra,INT008,CloudScale Tech,Software Developer Intern,0.7349242424242425,0.5333333333333333,0.7,0.8772727272727272,1.0,1.0,1.0
STU769,Ayaan Agarwal,INT102,CloudScale Tech,Frontend Developer Intern,0.7327333333333335,0.6333333333333333,0.7,0.5960000000000001,1.0,1.0,1.0
STU170,Ishaan Kumar,INT110,DataMinds Analytics,Mobile App Developer Intern,0.7327272727272729,0.4,1.0,0.8181818181818183,1.0,1.0,1.0
STU821,Anika Singh,INT066,SmartData Corp,Cybersecurity Intern,0.7321153846153847,0.6000000000000001,0.7,0.7474358974358974,1.0,0.8,1.0
STU1340,Pranav Nair,INT095,ByteStream Solutions,DevOps Intern,0.7319047619047621,0.3333333333333333,1.0,0.9904761904761908,1.0,1.0,1.0
STU963,Ananya Saxena,INT009,ByteStream Solutions,Data Analyst Intern,0.7300000000000002,0.4,1.0,0.9666666666666668,1.0,1.0,0.5
STU818,Tara Shah,INT140,CloudNine Systems,Cybersecurity Intern,0.7288771929824562,0.3866666666666667,1.0,0.894736842105263,1.0,0.8,1.0
STU1047,Diya Shah,INT110,DataMinds Analytics,Mobile App Developer Intern,0.7286363636363637,0.4,1.0,0.8575757575757577,1.0,0.8,1.0
STU524,Aarohi Mishra,INT090,CloudScale Tech,Cybersecurity Intern,0.7280681818181819,0.5,0.7,0.9204545454545456,1.0,1.0,1.0
STU1380,Riya Mehta,INT066,SmartData Corp,Cybersecurity Intern,0.7274358974358975,0.8666666666666667,0.7,0.9384615384615383,0.0,1.0,1.0
STU526,Aditi Tiwari,INT098,ByteStream Solutions,Frontend Developer Intern,0.7270833333333334,0.5333333333333333,1.0,0.7583333333333333,1.0,0.0,1.0
STU558,Krishna Mishra,INT032,PixelPerfect Studios,Data Science Intern,0.7259666666666668,0.3666666666666667,1.0,0.8620000000000001,1.0,1.0,1.0
STU523,Pari Reddy,INT024,CyberShield Corp,Cloud Engineer Intern,0.7253333333333334,0.6333333333333333,0.7,0.5466666666666667,1.0,1.0,1.0
STU618,Pranav Jain,INT117,ByteStream Solutions,Data Science Intern,0.7243750000000001,0.4,1.0,0.7625,1.0,1.0,1.0
STU384,Kavya Khan,INT028,CyberShield Corp,Web Developer Intern,0.7240833333333334,0.5333333333333333,0.7,0.9716666666666668,1.0,1.0,0.5
STU536,Ira Shah,INT140,CloudNine Systems,Cybersecurity Intern,0.7240745614035089,0.3866666666666667,1.0,0.7960526315789473,1.0,1.0,1.0
STU1106,Pari Rao,INT092,ByteStream Solutions,Frontend Developer Intern,0.7240454545454547,0.48,1.0,0.7136363636363637,1.0,1.0,0.5
STU1321,Arjun Bhatia,INT066,SmartData Corp,Cybersecurity Intern,0.7237820512820513,0.4666666666666667,0.7,0.9807692307692308,1.0,1.0,1.0
STU275,Kiaan Kapoor,INT004,DataMinds Analytics,Data Science Intern,0.7225454545454547,0.32,1.0,0.9636363636363636,1.0,1.0,1.0
STU652,Pranav Thakur,INT032,PixelPerfect Studios,Data Science Intern,0.7220666666666667,0.3666666666666667,1.0,0.836,1.0,1.0,1.0
STU426,Pooja Jain,INT048,ByteStream Solutions,Mobile App Developer Intern,0.7216827956989248,0.3866666666666667,1.0,0.9467741935483872,1.0,1.0,0.5
STU070,Arnav Nair,INT087,SmartData Corp,Mobile App Developer Intern,0.7216774193548388,0.58,0.7,0.664516129032258,1.0,1.0,1.0
STU135,Kiaan Thakur,INT066,SmartData Corp,Cybersecurity Intern,0.7212820512820514,0.4666666666666667,0.7,0.9641025641025642,1.0,1.0,1.0
STU1010,Ishaan Nair,INT078,DataMinds Analytics,Backend Developer Intern,0.721200980392157,0.3333333333333333,1.0,0.9191176470588234,1.0,1.0,1.0
STU720,Saanvi Joshi,INT068,SmartData Corp,Full Stack Developer Intern,0.7189393939393941,0.6666666666666667,0.7,0.7484848484848484,1.0,0.0,1.0
STU733,Aarohi Chopra,INT114,ByteStream Solutions,Cybersecurity Intern,0.7182236842105264,0.4,1.0,0.8881578947368421,1.0,1.0,0.5
STU841,Shaurya Mehta,INT028,CyberShield Corp,Web Developer Intern,0.7173333333333334,0.5333333333333333,0.7,0.9266666666666667,1.0,1.0,0.5
STU578,Ayaan Chopra,INT028,CyberShield Corp,Web Developer Intern,0.7167500000000001,0.6,0.7,0.5783333333333333,1.0,1.0,1.0
STU1138,Arjun Singh,INT048,ByteStream Solutions,Mobile App Developer Intern,0.7163602150537635,0.3866666666666667,1.0,0.911290322580645,1.0,1.0,0.5
STU473,Aadhya Malhotra,INT114,ByteStream Solutions,Cybersecurity Intern,0.7162500000000002,0.4,1.0,0.8750000000000001,1.0,1.0,0.5
STU443,Atharv Mehta,INT055,Innovate Systems,Data Science Intern,0.7161206896551725,0.8,0.0,0.9741379310344828,1.0,1.0,1.0
STU583,Shaurya Bansal,INT090,CloudScale Tech,Cybersecurity Intern,0.7160227272727273,0.6000000000000001,0.7,0.9068181818181816,1.0,0.0,1.0
STU110,Pooja Verma,INT114,ByteStream Solutions,Cybersecurity Intern,0.7158552631578948,0.4,1.0,0.8723684210526315,1.0,1.0,0.5
STU492,Reyansh Chopra,INT110,DataMinds Analytics,Mobile App Developer Intern,0.7156818181818183,0.4,1.0,0.7712121212121212,1.0,0.8,1.0
STU1337,Sara Malhotra,INT034,InfraCode Systems,Full Stack Developer Intern,0.7146875000000001,0.4,1.0,0.6979166666666669,1.0,1.0,1.0
STU736,Diya Nair,INT117,ByteStream Solutions,Data Science Intern,0.7144940476190477,0.5333333333333333,1.0,0.8410714285714285,1.0,0.0,0.5
STU196,Navya Bansal,INT021,CyberShield Corp,Data Analyst Intern,0.7141666666666667,0.4666666666666667,0.7,0.9166666666666669,1.0,1.0,1.0
STU936,Vivaan Tiwari,INT030,DataMinds Analytics,DevOps Intern,0.7128030303030304,0.3666666666666667,1.0,0.9409090909090908,1.0,1.0,0.5
STU1104,Aditi Verma,INT078,DataMinds Analytics,Backend Developer Intern,0.7127696078431374,0.4666666666666667,0.7,0.9073529411764704,1.0,1.0,1.0
STU1497,Reyansh Bansal,INT056,CloudScale Tech,Frontend Developer Intern,0.7124107142857143,0.6000000000000001,0.7,0.6160714285714285,1.0,0.8,1.0
STU1418,Riya Bhatia,INT097,MobileFirst Apps,ML Engineer Intern,0.7111666666666667,0.53,1.0,0.8277777777777778,1.0,0.0,0.5
STU1223,Ayaan Kumar,INT114,ByteStream Solutions,Cybersecurity Intern,0.7108552631578948,0.4,1.0,0.6723684210526315,1.0,1.0,1.0
STU378,Saanvi Thakur,INT065,CloudNine Systems,Cloud Engineer Intern,0.7105637254901961,0.3666666666666667,1.0,0.9926470588235292,1.0,0.8,0.5
STU1275,Pooja Singh,INT097,MobileFirst Apps,ML Engineer Intern,0.7102222222222223,0.37,1.0,0.9148148148148146,1.0,1.0,0.5
STU816,Rudra Khan,INT102,CloudScale Tech,Frontend Developer Intern,0.7096333333333334,0.5833333333333334,0.7,0.7420000000000002,1.0,1.0,0.5
STU1463,Ananya Agarwal,INT030,DataMinds Analytics,DevOps Intern,0.7068939393939395,0.4666666666666667,1.0,0.968181818181818,1.0,0.0,0.5
STU931,Reyansh Singh,INT148,AI Innovations Lab,Frontend Developer Intern,0.7067307692307693,0.45,1.0,0.8448717948717948,1.0,0.0,1.0
STU718,Sai Agarwal,INT148,AI Innovations Lab,Frontend Developer Intern,0.7065384615384617,0.4,1.0,0.6435897435897435,1.0,1.0,1.0
STU717,Rudra Agarwal,INT078,DataMinds Analytics,Backend Developer Intern,0.7047549019607844,0.3666666666666667,1.0,0.7205882352941176,1.0,1.0,1.0
STU1424,Advait Joshi,INT065,CloudNine Systems,Cloud Engineer Intern,0.7041666666666667,0.3666666666666667,1.0,0.95,1.0,0.8,0.5
STU1331,Riya Reddy,INT019,CodeCrafters Inc,Web Developer Intern,0.7022500000000002,0.9,0.0,0.6150000000000001,1.0,1.0,1.0
STU210,Ayaan Agarwal,INT060,CyberShield Corp,Backend Developer Intern,0.7017741935483871,0.5,0.7,0.7451612903225806,1.0,1.0,1.0
STU930,Kiaan Nair,INT106,SmartData Corp,Software Developer Intern,0.7009375000000001,0.6000000000000001,0.7,0.70625,1.0,0.8,0.5
STU1007,Pari Bhatia,INT060,CyberShield Corp,Backend Developer Intern,0.6995967741935485,0.5,0.7,0.7306451612903225,1.0,1.0,1.0
STU744,Sara Reddy,INT078,DataMinds Analytics,Backend Developer Intern,0.6992401960784315,0.3666666666666667,1.0,0.6838235294117647,1.0,1.0,1.0
STU743,Aditya Pandey,INT147,PixelPerfect Studios,Software Developer Intern,0.699051724137931,0.5,1.0,0.6603448275862068,1.0,0.0,1.0
STU496,Yash Patel,INT030,DataMinds Analytics,DevOps Intern,0.6978030303030305,0.2666666666666666,1.0,0.9409090909090908,1.0,1.0,1.0
STU1222,Kiaan Tiwari,INT030,DataMinds Analytics,DevOps Intern,0.6968939393939395,0.3666666666666667,1.0,0.668181818181818,1.0,1.0,1.0
STU649,Riya Patel,INT048,ByteStream Solutions,Mobile App Developer Intern,0.6961182795698926,0.3866666666666667,1.0,0.6096774193548387,1.0,1.0,1.0
STU1057,Saanvi Iyer,INT065,CloudNine Systems,Cloud Engineer Intern,0.6959803921568628,0.3333333333333333,1.0,0.9176470588235294,1.0,1.0,0.5
STU606,Pari Chopra,INT062,InfraCode Systems,Cybersecurity Intern,0.6958333333333334,0.45,1.0,0.9388888888888888,1.0,0.0,0.5
STU427,Vihaan Patel,INT144,NextGen Software,ML Engineer Intern,0.6955666666666668,0.8666666666666667,0.0,0.8260000000000002,1.0,1.0,0.5
STU1263,Rudra Bansal,INT024,CyberShield Corp,Cloud Engineer Intern,0.6952500000000001,0.4,0.7,0.9683333333333336,1.0,1.0,1.0
STU600,Aadhya Reddy,INT147,PixelPerfect Studios,Software Developer Intern,0.6950862068965519,0.4,1.0,0.5672413793103449,1.0,1.0,1.0
STU061,Yash Mehta,INT147,PixelPerfect Studios,Software Developer Intern,0.695028735632184,0.2666666666666666,1.0,0.9224137931034484,1.0,1.0,1.0
STU593,Neha Reddy,INT020,Digital Dynamics,Software Developer Intern,0.6919791666666668,0.8666666666666667,0.0,0.6354166666666667,1.0,1.0,1.0
STU006,Aarav Bansal,INT144,NextGen Software,ML Engineer Intern,0.6915000000000002,0.8,0.0,0.8100000000000002,1.0,1.0,1.0
STU1033,Riya Iyer,INT034,InfraCode Systems,Full Stack Developer Intern,0.6884375000000001,0.4,1.0,0.5229166666666667,1.0,1.0,1.0
STU631,Priya Jain,INT056,CloudScale Tech,Frontend Developer Intern,0.6882142857142858,0.5,0.7,0.8214285714285714,1.0,1.0,0.5
STU828,Shreya Mishra,INT093,CloudScale Tech,Mobile App Developer Intern,0.6864583333333335,0.4,0.7,0.909722222222222,1.0,1.0,1.0
STU604,Ayaan Patel,INT134,SmartData Corp,Cybersecurity Intern,0.6862797619047619,0.5333333333333333,0.7,0.719642857142857,1.0,1.0,0.5
STU1448,Pooja Sharma,INT076,CodeCrafters Inc,Cloud Engineer Intern,0.6856250000000002,0.8,0.0,0.9375,1.0,1.0,0.5
STU785,Yash Kulkarni,INT093,CloudScale Tech,Mobile App Developer Intern,0.6854166666666667,0.6333333333333333,0.7,0.6138888888888888,1.0,0.0,1.0
STU235,Vihaan Verma,INT112,CyberShield Corp,Frontend Developer Intern,0.6838333333333334,0.4533333333333333,0.7,0.75,1.0,1.0,1.0
STU405,Arjun Iyer,INT010,CyberShield Corp,Cybersecurity Intern,0.6827272727272727,0.6000000000000001,0.7,0.6848484848484848,1.0,0.0,1.0
STU1185,Ananya Patel,INT093,CloudScale Tech,Mobile App Developer Intern,0.6822916666666667,0.5,0.7,0.6152777777777778,1.0,1.0,1.0
STU328,Nisha Mehta,INT126,Digital Dynamics,Backend Developer Intern,0.6817741935483872,0.8500000000000001,0.0,0.9451612903225808,1.0,0.0,1.0
STU1350,Anika Agarwal,INT150,CyberShield Corp,Backend Developer Intern,0.6803846153846155,0.45,0.7,0.9025641025641026,1.0,1.0,0.5
STU491,Tara Nair,INT093,CloudScale Tech,Mobile App Developer Intern,0.6802083333333334,0.5333333333333333,0.7,0.8458333333333334,1.0,0.0,1.0
STU541,Myra Kumar,INT120,Analytics Pro,Mobile App Developer Intern,0.6797222222222223,0.9,0.0,0.7981481481481482,1.0,0.0,1.0
STU411,Neha Desai,INT090,CloudScale Tech,Cybersecurity Intern,0.6796590909090909,0.5,0.7,0.5977272727272729,1.0,1.0,1.0
STU1151,Navya Sharma,INT034,InfraCode Systems,Full Stack Developer Intern,0.6785416666666667,0.3666666666666667,1.0,0.7124999999999999,1.0,1.0,0.5
STU072,Neha Kumar,INT095,ByteStream Solutions,DevOps Intern,0.6782142857142858,0.4,1.0,0.788095238095238,1.0,0.0,1.0
STU1447,Pranav Agarwal,INT010,CyberShield Corp,Cybersecurity Intern,0.6781818181818183,0.4,0.7,0.8545454545454544,1.0,1.0,1.0
STU050,Nisha Kumar,INT095,ByteStream Solutions,DevOps Intern,0.6772619047619048,0.3333333333333333,1.0,0.6261904761904761,1.0,1.0,1.0
STU1428,Priya Reddy,INT034,InfraCode Systems,Full Stack Developer Intern,0.6769791666666667,0.3666666666666667,1.0,0.8687499999999999,1.0,0.0,1.0
STU301,Krishna Singh,INT020,Digital Dynamics,Software Developer Intern,0.6760416666666668,0.8666666666666667,0.0,0.5291666666666668,1.0,1.0,1.0
STU057,Vivaan Nair,INT112,CyberShield Corp,Frontend Developer Intern,0.6712500000000001,0.48,0.7,0.5950000000000002,1.0,1.0,1.0
STU260,Aarohi Kumar,INT024,CyberShield Corp,Cloud Engineer Intern,0.67025,0.5,0.7,0.535,1.0,1.0,1.0
STU1125,Reyansh Bhatia,INT010,CyberShield Corp,Cybersecurity Intern,0.6668939393939395,0.4666666666666667,0.7,0.6015151515151516,1.0,1.0,1.0
STU484,Aadhya Tiwari,INT059,CyberShield Corp,Data Analyst Intern,0.6665625000000002,0.4,0.7,0.94375,1.0,1.0,0.5
STU382,Pranav Reddy,INT150,CyberShield Corp,Backend Developer Intern,0.6651923076923077,0.45,0.7,0.8012820512820512,1.0,1.0,0.5
STU1456,Ira Desai,INT056,CloudScale Tech,Frontend Developer Intern,0.6648214285714287,0.4,0.7,0.9321428571428568,1.0,1.0,0.5
STU1429,Ayaan Reddy,INT010,CyberShield Corp,Cybersecurity Intern,0.6630303030303032,0.3666666666666667,0.7,0.8424242424242425,1.0,1.0,1.0
STU279,Ira Sinha,INT106,SmartData Corp,Software Developer Intern,0.6581250000000001,0.4,0.7,0.9541666666666666,1.0,0.8,0.5
STU158,Priya Gupta,INT086,Innovate Systems,Data Science Intern,0.6570394736842107,0.6500000000000001,0.0,0.9802631578947368,1.0,1.0,1.0
STU1329,Krishna Chopra,INT019,CodeCrafters Inc,Web Developer Intern,0.6568333333333335,0.7333333333333334,0.0,0.7566666666666666,1.0,1.0,1.0
STU318,Atharv Chauhan,INT064,Analytics Pro,Cybersecurity Intern,0.6563846153846156,0.7400000000000001,0.0,0.735897435897436,1.0,1.0,1.0
STU1168,Vihaan Reddy,INT150,CyberShield Corp,Backend Developer Intern,0.6560897435897437,0.3666666666666667,0.7,0.962820512820513,1.0,1.0,0.5
STU1040,Shreya Tiwari,INT130,Digital Dynamics,Cloud Engineer Intern,0.6554000000000001,0.8,0.0,0.736,1.0,1.0,0.5
STU797,Kiaan Tiwari,INT064,Analytics Pro,Cybersecurity Intern,0.6548846153846154,0.6799999999999999,0.0,0.8858974358974359,1.0,1.0,1.0
STU261,Aarav Iyer,INT019,CodeCrafters Inc,Web Developer Intern,0.6540000000000001,0.8,0.0,0.56,1.0,1.0,1.0
STU208,Kiaan Desai,INT119,TechVista Solutions,Cybersecurity Intern,0.6507692307692309,0.7000000000000001,0.0,0.8051282051282052,1.0,1.0,1.0
STU322,Atharv Chauhan,INT090,CloudScale Tech,Cybersecurity Intern,0.6481818181818183,0.4,0.7,0.6545454545454547,1.0,1.0,1.0
STU211,Rudra Thakur,INT056,CloudScale Tech,Frontend Developer Intern,0.6475892857142859,0.3,0.7,0.9839285714285716,1.0,0.8,1.0
STU406,Rohan Gupta,INT024,CyberShield Corp,Cloud Engineer Intern,0.6460000000000001,0.4,0.7,0.64,1.0,1.0,1.0
STU424,Shreya Bhatia,INT112,CyberShield Corp,Frontend Developer Intern,0.6458333333333334,0.2933333333333333,0.7,0.9900000000000002,1.0,0.8,1.0
STU1381,Kavya Verma,INT126,Digital Dynamics,Backend Developer Intern,0.6458064516129033,0.8,0.0,0.8387096774193548,1.0,0.0,1.0
STU324,Vihaan Bansal,INT059,CyberShield Corp,Data Analyst Intern,0.6454166666666667,0.3666666666666667,0.7,0.8916666666666668,1.0,1.0,0.5
STU1289,Yash Tiwari,INT076,CodeCrafters Inc,Cloud Engineer Intern,0.6432031250000001,0.9,0.0,0.5546875000000001,1.0,0.0,1.0
STU205,Rohan Jain,INT149,NextGen Software,Software Developer Intern,0.6428571428571429,0.8,0.0,0.9857142857142858,1.0,0.0,0.5
STU655,Sara Joshi,INT035,TechVista Solutions,Data Analyst Intern,0.6426875000000001,0.7000000000000001,0.0,0.75125,1.0,1.0,1.0
STU782,Saanvi Agarwal,INT130,Digital Dynamics,Cloud Engineer Intern,0.6408666666666668,0.6666666666666666,0.0,0.8280000000000001,1.0,1.0,1.0
STU694,Aarohi Patel,INT055,Innovate Systems,Data Science Intern,0.6396264367816094,0.6333333333333333,0.0,0.9086206896551724,1.0,1.0,1.0
STU542,Diya Kapoor,INT024,CyberShield Corp,Cloud Engineer Intern,0.6395000000000001,0.5,0.7,0.6633333333333334,1.0,0.0,1.0
STU305,Diya Khan,INT129,NextGen Software,Frontend Developer Intern,0.6390555555555557,0.7400000000000001,0.0,0.6203703703703705,1.0,1.0,1.0
STU1325,Shaurya Chauhan,INT141,NextGen Software,Backend Developer Intern,0.6388988095238096,0.7666666666666667,0.0,0.5482142857142857,1.0,1.0,1.0
STU091,Arnav Chauhan,INT085,Analytics Pro,Backend Developer Intern,0.6385919540229886,0.6333333333333333,0.0,0.9017241379310345,1.0,1.0,1.0
STU138,Vivaan Saxena,INT119,TechVista Solutions,Cybersecurity Intern,0.636923076923077,0.6000000000000001,0.0,0.9794871794871794,1.0,1.0,1.0
STU666,Yash Thakur,INT112,CyberShield Corp,Frontend Developer Intern,0.6366250000000001,0.32,0.7,0.9575,1.0,1.0,0.5
STU967,Sara Sinha,INT084,NextGen Software,Software Developer Intern,0.6365686274509805,0.6333333333333333,0.0,0.8882352941176471,1.0,1.0,1.0
STU679,Shaurya Desai,INT059,CyberShield Corp,Data Analyst Intern,0.6362500000000001,0.4,0.7,0.7416666666666667,1.0,1.0,0.5
STU941,Vivaan Thakur,INT016,Innovate Systems,Mobile App Developer Intern,0.635263157894737,0.6000000000000001,0.0,0.9684210526315788,1.0,1.0,1.0
STU1067,Sai Kulkarni,INT001,TechCorp Solutions,Data Science Intern,0.6348423423423424,0.6666666666666666,0.0,0.7878378378378378,1.0,1.0,1.0
STU203,Anika Chauhan,INT123,Digital Dynamics,Data Science Intern,0.6343333333333334,0.6333333333333333,0.0,0.8733333333333333,1.0,1.0,1.0
STU522,Ira Pandey,INT112,CyberShield Corp,Frontend Developer Intern,0.6322916666666667,0.3866666666666667,0.7,0.9175,1.0,0.0,1.0
STU1069,Advait Chopra,INT136,Analytics Pro,Web Developer Intern,0.6314864864864866,0.6000000000000001,0.0,0.9432432432432432,1.0,1.0,1.0
STU701,Aditya Saxena,INT020,Digital Dynamics,Software Developer Intern,0.6304166666666667,0.8666666666666667,0.0,0.5583333333333333,1.0,0.0,1.0
STU703,Ira Shah,INT059,CyberShield Corp,Data Analyst Intern,0.6294791666666667,0.4666666666666667,0.7,0.8520833333333332,1.0,0.0,0.5
STU808,Kiaan Kumar,INT105,Innovate Systems,ML Engineer Intern,0.6292333333333334,0.6333333333333333,0.0,0.906,1.0,0.8,1.0
STU601,Arjun Kapoor,INT055,Innovate Systems,Data Science Intern,0.6279885057471265,0.6333333333333333,0.0,0.8310344827586207,1.0,1.0,1.0
STU1452,Sara Saxena,INT084,NextGen Software,Software Developer Intern,0.6278186274509805,0.5833333333333334,0.0,0.9632352941176472,1.0,1.0,1.0
STU363,Pooja Mishra,INT134,SmartData Corp,Cybersecurity Intern,0.6271130952380953,0.4666666666666667,0.7,0.6696428571428572,1.0,0.0,1.0
STU927,Saanvi Patel,INT124,TechCorp Solutions,ML Engineer Intern,0.6263382352941177,0.6799999999999999,0.0,0.6955882352941176,1.0,1.0,1.0
STU1280,Kiaan Mehta,INT027,Innovate Systems,Frontend Developer Intern,0.625224358974359,0.8666666666666667,0.0,0.6903846153846155,1.0,0.0,0.5
STU1170,Pranav Saxena,INT064,Analytics Pro,Cybersecurity Intern,0.6246923076923078,0.58,0.0,0.9512820512820512,1.0,1.0,1.0
STU629,Shaurya Patel,INT081,NextGen Software,Frontend Developer Intern,0.6242031250000002,0.6900000000000002,0.0,0.6546875000000001,1.0,1.0,1.0
STU098,Myra Desai,INT031,TechVista Solutions,ML Engineer Intern,0.6240921052631581,0.6400000000000001,0.0,0.9539473684210528,1.0,1.0,0.5
STU633,Reyansh Sinha,INT007,TechVista Solutions,Mobile App Developer Intern,0.6233695652173913,0.9,0.0,0.5891304347826085,1.0,0.0,0.5
STU1177,Sara Shah,INT081,NextGen Software,Frontend Developer Intern,0.62075,0.58,0.0,0.925,1.0,1.0,1.0
STU358,Navya Agarwal,INT141,NextGen Software,Backend Developer Intern,0.6204464285714287,0.6000000000000001,0.0,0.869642857142857,1.0,1.0,1.0
STU209,Ira Rao,INT084,NextGen Software,Software Developer Intern,0.619436274509804,0.5833333333333334,0.0,0.9073529411764704,1.0,1.0,1.0
STU1308,Arnav Kumar,INT126,Digital Dynamics,Backend Developer Intern,0.6178494623655915,0.5833333333333334,0.0,0.896774193548387,1.0,1.0,1.0
STU719,Aditi Saxena,INT135,TechCorp Solutions,ML Engineer Intern,0.6177205882352942,0.6,0.0,0.8514705882352942,1.0,1.0,1.0
STU419,Riya Singh,INT084,NextGen Software,Software Developer Intern,0.6173774509803923,0.5833333333333334,0.0,0.960294117647059,1.0,0.8,1.0
STU705,Aditi Mishra,INT143,Analytics Pro,ML Engineer Intern,0.6169583333333334,0.6333333333333333,0.0,0.7574999999999998,1.0,1.0,1.0
STU1192,Vihaan Bhatia,INT027,Innovate Systems,Frontend Developer Intern,0.6158653846153846,0.8,0.0,0.8057692307692308,1.0,0.0,0.5
STU398,Ishaan Chopra,INT105,Innovate Systems,ML Engineer Intern,0.6151333333333334,0.7333333333333334,0.0,0.812,1.0,0.0,1.0
STU1305,Neha Khan,INT094,Innovate Systems,Data Analyst Intern,0.6146794871794873,0.7333333333333334,0.0,0.808974358974359,1.0,0.0,1.0
STU1139,Kabir Mehta,INT057,Digital Dynamics,Frontend Developer Intern,0.6144218750000001,0.58,0.0,0.8828125,1.0,1.0,1.0
STU1468,Rohan Bansal,INT036,CodeCrafters Inc,Backend Developer Intern,0.6124516129032259,0.6400000000000001,0.0,0.7096774193548385,1.0,1.0,1.0
STU834,Sai Rao,INT026,Digital Dynamics,Data Science Intern,0.6113141025641027,0.5333333333333333,0.0,0.9865384615384616,1.0,1.0,1.0
STU1122,Aditi Bansal,INT085,Analytics Pro,Backend Developer Intern,0.6107471264367818,0.5333333333333333,0.0,0.9827586206896552,1.0,1.0,1.0
STU1297,Nisha Kulkarni,INT120,Analytics Pro,Mobile App Developer Intern,0.6077777777777779,0.7333333333333334,0.0,0.662962962962963,1.0,0.8,0.5
STU696,Aditya Mehta,INT084,NextGen Software,Software Developer Intern,0.6075735294117648,0.8,0.0,0.5838235294117647,1.0,0.0,1.0
STU663,Sai Thakur,INT077,NextGen Software,Full Stack Developer Intern,0.6051182795698926,0.5466666666666666,0.0,0.9096774193548388,1.0,1.0,1.0
STU731,Myra Mehta,INT057,Digital Dynamics,Frontend Developer Intern,0.6050468750000001,0.58,0.0,0.8203125,1.0,1.0,1.0
STU1233,Anika Chauhan,INT136,Analytics Pro,Web Developer Intern,0.6048648648648649,0.7000000000000001,0.0,0.8324324324324324,1.0,0.0,1.0
STU675,Anika Pandey,INT050,Digital Dynamics,Web Developer Intern,0.6045967741935485,0.6000000000000001,0.0,0.9306451612903226,1.0,1.0,0.5
STU979,Vivaan Bansal,INT016,Innovate Systems,Mobile App Developer Intern,0.6044736842105264,0.7000000000000001,0.0,0.6631578947368422,1.0,1.0,0.5
STU951,Aditya Joshi,INT083,NextGen Software,Full Stack Developer Intern,0.603951612903226,0.6000000000000001,0.0,0.7596774193548386,1.0,1.0,1.0
STU563,Pranav Singh,INT035,TechVista Solutions,Data Analyst Intern,0.6028750000000002,0.6000000000000001,0.0,0.7525,1.0,1.0,1.0
STU499,Neha Desai,INT143,Analytics Pro,ML Engineer Intern,0.6028333333333334,0.5333333333333333,0.0,0.9300000000000002,1.0,1.0,1.0
STU1422,Arjun Shah,INT083,NextGen Software,Full Stack Developer Intern,0.6024193548387098,0.6500000000000001,0.0,0.6161290322580645,1.0,1.0,1.0
STU163,Saanvi Jain,INT015,NextGen Software,Frontend Developer Intern,0.6021904761904763,0.6333333333333333,0.0,0.7257142857142858,1.0,0.8,1.0
STU377,Rudra Saxena,INT105,Innovate Systems,ML Engineer Intern,0.6021333333333334,0.6333333333333333,0.0,0.9920000000000002,1.0,0.0,1.0
STU1363,Shaurya Sharma,INT036,CodeCrafters Inc,Backend Developer Intern,0.6020483870967743,0.6400000000000001,0.0,0.6403225806451611,1.0,1.0,1.0
STU1351,Shaurya Chauhan,INT026,Digital Dynamics,Data Science Intern,0.6020192307692308,0.6,0.0,0.8134615384615382,1.0,0.8,1.0
STU1316,Arnav Sinha,INT120,Analytics Pro,Mobile App Developer Intern,0.6016666666666668,0.6333333333333333,0.0,0.888888888888889,1.0,0.8,0.5
STU329,Yash Mishra,INT082,TechVista Solutions,Backend Developer Intern,0.6016153846153848,0.53,0.0,0.9307692307692308,1.0,1.0,1.0
STU587,Diya Singh,INT126,Digital Dynamics,Backend Developer Intern,0.6015322580645163,0.8,0.0,0.5435483870967741,1.0,0.0,1.0
STU646,Ishaan Sharma,INT027,Innovate Systems,Frontend Developer Intern,0.6009935897435899,0.6666666666666666,0.0,0.7288461538461538,1.0,1.0,0.5
STU042,Shaurya Singh,INT105,Innovate Systems,ML Engineer Intern,0.6005333333333335,0.6333333333333333,0.0,0.648,1.0,1.0,1.0
STU1313,Kabir Mehta,INT035,TechVista Solutions,Data Analyst Intern,0.6004375000000002,0.6000000000000001,0.0,0.73625,1.0,1.0,1.0
STU413,Sai Singh,INT050,Digital Dynamics,Web Developer Intern,0.6003225806451614,0.7000000000000001,0.0,0.635483870967742,1.0,1.0,0.5
STU770,Aarohi Reddy,INT085,Analytics Pro,Backend Developer Intern,0.6000574712643679,0.6333333333333333,0.0,0.6448275862068966,1.0,1.0,1.0
STU949,Aarav Kulkarni,INT119,TechVista Solutions,Cybersecurity Intern,0.5996153846153848,0.5,0.0,0.9974358974358974,1.0,1.0,1.0
STU1411,Anika Kulkarni,INT035,TechVista Solutions,Data Analyst Intern,0.5985625000000001,0.6000000000000001,0.0,0.72375,1.0,1.0,1.0
STU554,Vivaan Chopra,INT064,Analytics Pro,Cybersecurity Intern,0.5975769230769231,0.58,0.0,0.7705128205128207,1.0,1.0,1.0
STU842,Shreya Khan,INT035,TechVista Solutions,Data Analyst Intern,0.5974375000000002,0.6000000000000001,0.0,0.71625,1.0,1.0,1.0
STU1339,Kavya Malhotra,INT025,Analytics Pro,Data Analyst Intern,0.595909090909091,0.5,0.0,0.9727272727272728,1.0,1.0,1.0
STU919,Neha Kumar,INT043,Innovate Systems,Frontend Developer Intern,0.5958088235294119,0.5,0.0,0.972058823529412,1.0,1.0,1.0
STU685,Kiaan Desai,INT094,Innovate Systems,Data Analyst Intern,0.5956410256410257,0.7333333333333334,0.0,0.8487179487179488,1.0,0.0,0.5
STU1196,Aadhya Malhotra,INT016,Innovate Systems,Mobile App Developer Intern,0.5954605263157896,0.5,0.0,0.9697368421052632,1.0,1.0,1.0
STU621,Vihaan Shah,INT123,Digital Dynamics,Data Science Intern,0.5948333333333334,0.5333333333333333,0.0,0.8766666666666667,1.0,1.0,1.0
STU943,Ishaan Pandey,INT119,TechVista Solutions,Cybersecurity Intern,0.5926923076923079,0.6000000000000001,0.0,0.6846153846153846,1.0,1.0,1.0
STU160,Aditya Iyer,INT105,Innovate Systems,ML Engineer Intern,0.5926333333333335,0.5333333333333333,0.0,0.8620000000000001,1.0,1.0,1.0
STU1008,Ananya Kulkarni,INT025,Analytics Pro,Data Analyst Intern,0.5922727272727274,0.5,0.0,0.9484848484848484,1.0,1.0,1.0
STU911,Ishaan Tiwari,INT064,Analytics Pro,Cybersecurity Intern,0.5908461538461539,0.48,0.0,0.9923076923076922,1.0,1.0,1.0
STU395,Yash Joshi,INT143,Analytics Pro,ML Engineer Intern,0.5889583333333335,0.5333333333333333,0.0,0.8374999999999999,1.0,1.0,1.0
STU094,Ayaan Kapoor,INT001,TechCorp Solutions,Data Science Intern,0.5888063063063064,0.5333333333333333,0.0,0.8364864864864864,1.0,1.0,1.0
STU036,Anika Reddy,INT072,Analytics Pro,DevOps Intern,0.5883333333333335,0.5333333333333333,0.0,0.8333333333333334,1.0,1.0,1.0
STU032,Aarohi Jain,INT025,Analytics Pro,Data Analyst Intern,0.5879545454545456,0.5,0.0,0.9196969696969698,1.0,1.0,1.0
STU067,Sai Agarwal,INT119,TechVista Solutions,Cybersecurity Intern,0.5876923076923077,0.5,0.0,0.917948717948718,1.0,1.0,1.0
STU1417,Reyansh Joshi,INT041,TechVista Solutions,Frontend Developer Intern,0.5874285714285715,0.6000000000000001,0.0,0.8828571428571428,1.0,0.8,0.5
STU1332,Yash Bansal,INT011,Analytics Pro,Frontend Developer Intern,0.5868269230769232,0.55,0.0,0.7788461538461537,1.0,1.0,1.0
STU244,Arjun Kumar,INT016,Innovate Systems,Mobile App Developer Intern,0.5859210526315791,0.6000000000000001,0.0,0.6394736842105263,1.0,1.0,1.0
STU155,Riya Khan,INT016,Innovate Systems,Mobile App Developer Intern,0.5857894736842106,0.6000000000000001,0.0,0.8052631578947368,1.0,1.0,0.5
STU873,Priya Kumar,INT043,Innovate Systems,Frontend Developer Intern,0.5852205882352942,0.5,0.0,0.901470588235294,1.0,1.0,1.0
STU567,Aarohi Sinha,INT015,NextGen Software,Frontend Developer Intern,0.5850476190476191,0.5333333333333333,0.0,0.8114285714285714,1.0,1.0,1.0
STU1322,Aditi Chopra,INT142,TechCorp Solutions,Software Developer Intern,0.584598484848485,0.7066666666666668,0.0,0.5795454545454547,1.0,0.8,0.5
STU1232,Kavya Thakur,INT082,TechVista Solutions,Backend Developer Intern,0.5840192307692308,0.53,0.0,0.8134615384615382,1.0,1.0,1.0
STU295,Myra Saxena,INT083,NextGen Software,Full Stack Developer Intern,0.5828225806451613,0.5,0.0,0.8854838709677417,1.0,1.0,1.0
STU112,Pari Agarwal,INT079,Analytics Pro,Frontend Developer Intern,0.5822522522522524,0.5833333333333334,0.0,0.6594594594594595,1.0,1.0,1.0
STU1102,Tara Bhatia,INT025,Analytics Pro,Data Analyst Intern,0.5820454545454546,0.5,0.0,0.8803030303030304,1.0,1.0,1.0
STU1457,Sara Jain,INT083,NextGen Software,Full Stack Developer Intern,0.580967741935484,0.6500000000000001,0.0,0.806451612903226,1.0,0.0,1.0
STU111,Atharv Khan,INT043,Innovate Systems,Frontend Developer Intern,0.5787500000000001,0.5,0.0,0.925,1.0,0.8,1.0
STU980,Nisha Singh,INT020,Digital Dynamics,Software Developer Intern,0.5780208333333334,0.5333333333333333,0.0,0.7645833333333332,1.0,1.0,1.0
STU530,Pooja Kapoor,INT058,TechCorp Solutions,Cloud Engineer Intern,0.5779230769230771,0.6900000000000002,0.0,0.8461538461538463,1.0,0.0,0.5
STU1382,Aarav Gupta,INT045,CodeCrafters Inc,ML Engineer Intern,0.5776785714285716,0.55,0.0,0.7178571428571429,1.0,1.0,1.0
STU237,Vihaan Khan,INT041,TechVista Solutions,Frontend Developer Intern,0.5769285714285715,0.6000000000000001,0.0,0.8128571428571427,1.0,0.8,0.5
STU251,Aarav Bhatia,INT113,Analytics Pro,Web Developer Intern,0.5763888888888891,0.6000000000000001,0.0,0.575925925925926,1.0,1.0,1.0
STU761,Pari Reddy,INT061,Innovate Systems,Frontend Developer Intern,0.5760434782608697,0.52,0.0,0.7869565217391303,1.0,1.0,1.0
STU1436,Myra Bansal,INT043,Innovate Systems,Frontend Developer Intern,0.5756372549019609,0.4666666666666667,0.0,0.9264705882352942,1.0,1.0,1.0
STU942,Shaurya Desai,INT081,NextGen Software,Frontend Developer Intern,0.5752812500000001,0.58,0.0,0.6218750000000001,1.0,1.0,1.0
STU1107,Ananya Sharma,INT141,NextGen Software,Backend Developer Intern,0.575029761904762,0.6333333333333333,0.0,0.5446428571428571,1.0,0.8,1.0
STU487,Aditya Patel,INT007,TechVista Solutions,Mobile App Developer Intern,0.5734420289855072,0.6333333333333333,0.0,0.967391304347826,1.0,0.0,0.5
STU1209,Kiaan Kulkarni,INT029,TechVista Solutions,Cybersecurity Intern,0.5729615384615385,0.48,0.0,0.8730769230769231,1.0,1.0,1.0
STU132,Ishaan Joshi,INT111,NextGen Software,Cloud Engineer Intern,0.5722619047619049,0.5333333333333333,0.0,0.892857142857143,1.0,1.0,0.5
STU202,Tara Chopra,INT127,Digital Dynamics,Web Developer Intern,0.5714655172413794,0.45,0.0,0.943103448275862,1.0,1.0,1.0
STU1176,Arjun Pandey,INT127,Digital Dynamics,Web Developer Intern,0.5712068965517243,0.45,0.0,0.9413793103448276,1.0,1.0,1.0
STU742,Ananya Reddy,INT023,Innovate Systems,ML Engineer Intern,0.5711458333333334,0.6333333333333333,0.0,0.9520833333333332,1.0,0.0,0.5
STU586,Aarav Singh,INT007,TechVista Solutions,Mobile App Developer Intern,0.5708333333333334,0.6333333333333333,0.0,0.95,1.0,0.0,0.5
STU987,Pranav Khan,INT136,Analytics Pro,Web Developer Intern,0.5702702702702703,0.45,0.0,0.9351351351351352,1.0,1.0,1.0
STU1346,Sara Singh,INT023,Innovate Systems,ML Engineer Intern,0.5695833333333334,0.7333333333333334,0.0,0.6749999999999999,1.0,0.0,0.5
STU1238,Aarav Iyer,INT007,TechVista Solutions,Mobile App Developer Intern,0.5694202898550725,0.6333333333333333,0.0,0.7739130434782611,1.0,0.0,1.0
STU1386,Kabir Patel,INT031,TechVista Solutions,ML Engineer Intern,0.5691184210526317,0.52,0.0,0.7407894736842104,1.0,1.0,1.0
STU177,Sai Gupta,INT020,Digital Dynamics,Software Developer Intern,0.5687500000000001,0.6,0.0,0.8583333333333334,1.0,0.0,1.0
STU1071,Advait Mehta,INT136,Analytics Pro,Web Developer Intern,0.5684459459459461,0.45,0.0,0.922972972972973,1.0,1.0,1.0
STU1454,Tara Kumar,INT123,Digital Dynamics,Data Science Intern,0.5661666666666667,0.4666666666666667,0.0,0.8633333333333333,1.0,1.0,1.0
STU1072,Rudra Gupta,INT127,Digital Dynamics,Web Developer Intern,0.5660057471264369,0.5833333333333334,0.0,0.8844827586206897,1.0,0.0,1.0
STU272,Arnav Sharma,INT082,TechVista Solutions,Backend Developer Intern,0.5657115384615385,0.6900000000000002,0.0,0.5980769230769231,1.0,0.0,1.0
STU145,Aarohi Patel,INT029,TechVista Solutions,Cybersecurity Intern,0.5655897435897437,0.5466666666666666,0.0,0.6461538461538461,1.0,1.0,1.0
STU1105,Yash Pandey,INT072,Analytics Pro,DevOps Intern,0.5653787878787879,0.5833333333333334,0.0,0.8803030303030304,1.0,0.0,1.0
STU885,Ayaan Rao,INT025,Analytics Pro,Data Analyst Intern,0.5645454545454547,0.5,0.0,0.7636363636363636,1.0,1.0,1.0
STU1271,Ishaan Joshi,INT029,TechVista Solutions,Cybersecurity Intern,0.5644358974358975,0.5466666666666666,0.0,0.6384615384615383,1.0,1.0,1.0
STU512,Vivaan Sinha,INT082,TechVista Solutions,Backend Developer Intern,0.5642115384615385,0.58,0.0,0.5480769230769231,1.0,1.0,1.0
STU707,Aditi Khan,INT077,NextGen Software,Full Stack Developer Intern,0.5637473118279571,0.5466666666666666,0.0,0.6338709677419355,1.0,1.0,1.0
STU100,Aarav Kulkarni,INT077,NextGen Software,Full Stack Developer Intern,0.5627795698924732,0.5466666666666666,0.0,0.6274193548387097,1.0,1.0,1.0
STU214,Yash Gupta,INT123,Digital Dynamics,Data Science Intern,0.5622500000000001,0.5,0.0,0.7483333333333334,1.0,1.0,1.0
STU838,Sai Rao,INT094,Innovate Systems,Data Analyst Intern,0.5620512820512822,0.6666666666666667,0.0,0.8025641025641027,1.0,0.0,0.5
STU568,Yash Gupta,INT094,Innovate Systems,Data Analyst Intern,0.5620512820512822,0.6666666666666667,0.0,0.8025641025641027,1.0,0.0,0.5
STU710,Pooja Nair,INT142,TechCorp Solutions,Software Developer Intern,0.5615454545454546,0.48,0.0,0.9636363636363636,1.0,1.0,0.5
STU938,Kiaan Kumar,INT031,TechVista Solutions,ML Engineer Intern,0.5608289473684211,0.52,0.0,0.6855263157894738,1.0,1.0,1.0
STU569,Aadhya Patel,INT149,NextGen Software,Software Developer Intern,0.5592559523809524,0.6666666666666667,0.0,0.7839285714285713,1.0,0.0,0.5
STU245,Riya Joshi,INT081,NextGen Software,Frontend Developer Intern,0.5581562500000001,0.42,0.0,0.934375,1.0,1.0,1.0
STU1035,Tara Bansal,INT067,Digital Dynamics,DevOps Intern,0.5576351351351352,0.5,0.0,0.7175675675675676,1.0,1.0,1.0
STU300,Priya Thakur,INT081,NextGen Software,Frontend Developer Intern,0.5573125000000001,0.53,0.0,0.96875,1.0,0.0,1.0
STU1210,Kavya Desai,INT094,Innovate Systems,Data Analyst Intern,0.5570512820512822,0.4666666666666667,0.0,0.8025641025641027,1.0,1.0,1.0
STU466,Tara Patel,INT077,NextGen Software,Full Stack Developer Intern,0.55697311827957,0.5466666666666666,0.0,0.5887096774193548,1.0,1.0,1.0
STU1127,Vivaan Saxena,INT011,Analytics Pro,Frontend Developer Intern,0.556570512820513,0.4166666666666667,0.0,0.9326923076923076,1.0,1.0,1.0
STU803,Aditya Verma,INT091,Analytics Pro,ML Engineer Intern,0.5564322916666667,0.4666666666666667,0.0,0.7984375000000001,1.0,1.0,1.0
STU853,Kiaan Singh,INT072,Analytics Pro,DevOps Intern,0.5547727272727274,0.45,0.0,0.8318181818181819,1.0,1.0,1.0
STU157,Shreya Chauhan,INT072,Analytics Pro,DevOps Intern,0.553409090909091,0.5,0.0,0.6893939393939394,1.0,1.0,1.0
STU624,Aarohi Pandey,INT061,Innovate Systems,Frontend Developer Intern,0.5524565217391305,0.42,0.0,0.9630434782608696,1.0,0.8,1.0
STU387,Rudra Kumar,INT079,Analytics Pro,Frontend Developer Intern,0.5516666666666667,0.4166666666666667,0.0,0.8999999999999999,1.0,1.0,1.0
STU859,Ishaan Sharma,INT061,Innovate Systems,Frontend Developer Intern,0.5502608695652175,0.48,0.0,0.7217391304347827,1.0,1.0,1.0
STU180,Vihaan Gupta,INT033,CodeCrafters Inc,DevOps Intern,0.5500735294117648,0.4,0.0,0.9338235294117648,1.0,1.0,1.0
STU570,Anika Sharma,INT091,Analytics Pro,ML Engineer Intern,0.54828125,0.4,0.0,0.921875,1.0,1.0,1.0
STU1258,Rohan Malhotra,INT067,Digital Dynamics,DevOps Intern,0.5480405405405405,0.4,0.0,0.9202702702702704,1.0,1.0,1.0
STU845,Arjun Tiwari,INT061,Innovate Systems,Frontend Developer Intern,0.5478913043478262,0.42,0.0,0.9326086956521736,1.0,0.8,1.0
STU1113,Aditya Patel,INT107,TechVista Solutions,Cloud Engineer Intern,0.5476612903225807,0.4,0.0,0.917741935483871,1.0,1.0,1.0
STU1206,Reyansh Saxena,INT079,Analytics Pro,Frontend Developer Intern,0.547454954954955,0.5833333333333334,0.0,0.7608108108108109,1.0,0.0,1.0
STU642,Kiaan Khan,INT091,Analytics Pro,ML Engineer Intern,0.5470572916666667,0.4666666666666667,0.0,0.7359375000000001,1.0,1.0,1.0
STU1051,Pooja Bansal,INT061,Innovate Systems,Frontend Developer Intern,0.5453695652173913,0.48,0.0,0.6891304347826087,1.0,1.0,1.0
STU437,Shreya Thakur,INT141,NextGen Software,Backend Developer Intern,0.5433035714285714,0.5,0.0,0.9553571428571428,1.0,0.0,1.0
STU864,Myra Saxena,INT141,NextGen Software,Backend Developer Intern,0.5424107142857143,0.5,0.0,0.6160714285714285,1.0,1.0,1.0
STU1364,Tara Mishra,INT067,Digital Dynamics,DevOps Intern,0.5422522522522524,0.5333333333333333,0.0,0.8594594594594596,1.0,0.0,1.0
STU908,Vihaan Nair,INT079,Analytics Pro,Frontend Developer Intern,0.5420045045045045,0.3666666666666667,0.0,0.9689189189189188,1.0,1.0,1.0
STU920,Nisha Singh,INT067,Digital Dynamics,DevOps Intern,0.5410135135135135,0.5,0.0,0.6067567567567568,1.0,1.0,1.0
STU1109,Tara Mehta,INT107,TechVista Solutions,Cloud Engineer Intern,0.5399462365591399,0.6333333333333333,0.0,0.5774193548387097,1.0,0.0,1.0
STU238,Ananya Sharma,INT138,NextGen Software,Mobile App Developer Intern,0.5375,0.4,0.0,0.8500000000000001,1.0,1.0,1.0
STU1265,Vivaan Malhotra,INT111,NextGen Software,Cloud Engineer Intern,0.5370238095238096,0.4666666666666667,0.0,0.8357142857142859,1.0,1.0,0.5
STU635,Pooja Chauhan,INT045,CodeCrafters Inc,ML Engineer Intern,0.5334821428571429,0.5,0.0,0.6232142857142856,1.0,0.8,1.0
STU172,Arjun Gupta,INT138,NextGen Software,Mobile App Developer Intern,0.5321236559139785,0.3333333333333333,0.0,0.9919354838709676,1.0,1.0,1.0
STU539,Sai Gupta,INT001,TechCorp Solutions,Data Science Intern,0.529481981981982,0.5333333333333333,0.0,0.7743243243243243,1.0,0.0,1.0
STU1286,Kavya Malhotra,INT138,NextGen Software,Mobile App Developer Intern,0.5284946236559139,0.3333333333333333,0.0,0.967741935483871,1.0,1.0,1.0
STU1217,Priya Malhotra,INT045,CodeCrafters Inc,ML Engineer Intern,0.5273214285714286,0.45,0.0,0.8821428571428571,1.0,0.8,0.5
STU450,Navya Khan,INT142,TechCorp Solutions,Software Developer Intern,0.5272803030303032,0.3866666666666667,0.0,0.984090909090909,1.0,1.0,0.5
STU972,Arnav Kapoor,INT001,TechCorp Solutions,Data Science Intern,0.5267567567567567,0.4,0.0,0.7783783783783783,1.0,1.0,1.0
STU946,Aadhya Gupta,INT001,TechCorp Solutions,Data Science Intern,0.5234009009009009,0.3333333333333333,0.0,0.9337837837837836,1.0,1.0,1.0
STU766,Aarohi Kapoor,INT107,TechVista Solutions,Cloud Engineer Intern,0.5170967741935484,0.4,0.0,0.8806451612903226,1.0,1.0,0.5
