internship_id,company_name,role,domain,location,positions_available,stipend,duration_months,required_skills,preferred_skills,min_cgpa,preferred_branches,experience_required
INT001,TechCorp Solutions,Data Science Intern,Software Development,Hyderabad,5,33000,6,"PyTorch, NumPy, Power BI, SQL, Scikit-learn, C++","MongoDB, AWS, HTML/CSS",6.3,"Information Technology, Computer Science",Not Required
INT002,QuantumLeap Tech,Software Developer Intern,Machine Learning,Bangalore,1,49000,6,"Vue.js, Data Analysis, Git, REST APIs, TensorFlow","Spring Boot, Docker, HTML/CSS, Redis",6.6,"Electrical Engineering, Civil Engineering",Not Required
INT003,MobileFirst Apps,Data Analyst Intern,Mobile Development,Delhi,2,34000,3,"REST APIs, C++, Power BI, Git, Data Analysis","Jenkins, Redis, Vue.js",6.2,"Information Technology, Electrical Engineering, Computer Science",Not Required
INT004,DataMinds Analytics,Data Science Intern,Data Science,Delhi,2,13000,6,"PyTorch, React, SQL, C++, Flask","Angular, Power BI, Machine Learning",7.8,"Electronics and Communication, Information Technology",Not Required
INT005,CloudNine Systems,Mobile App Developer Intern,Cloud Computing,Bangalore,2,26000,3,"HTML/CSS, AWS, Jenkins, JavaScript","Machine Learning, PyTorch, SQL, Python",8.0,"Information Technology, Electronics and Communication, Electrical Engineering",Not Required
INT006,SmartData Corp,DevOps Intern,Data Analysis,Mumbai,4,40000,3,"Data Analysis, Redis, React","Jenkins, MongoDB, Vue.js, PostgreSQL",7.3,"Mechanical Engineering, Electrical Engineering, Civil Engineering, Information Technology",Not Required
INT007,TechVista Solutions,Mobile App Developer Intern,Product Development,Ahmedabad,4,18000,2,"Docker, Spring Boot, Django","PyTorch, Data Analysis",7.7,"Computer Science, Information Technology",Preferred
INT008,CloudScale Tech,Software Developer Intern,Cloud Infrastructure,Chennai,1,11000,6,"Power BI, React, Data Analysis, Kubernetes, Docker, PyTorch","Django, SQL, TensorFlow",6.7,"Mechanical Engineering, Civil Engineering",Not Required
INT009,ByteStream Solutions,Data Analyst Intern,Backend Development,Bangalore,4,37000,6,"NumPy, Pandas, Django, Vue.js","MongoDB, Spring Boot",7.3,"Information Technology, Civil Engineering, Electrical Engineering, Mechanical Engineering",Preferred
INT010,CyberShield Corp,Cybersecurity Intern,Information Security,Bangalore,4,45000,6,"TensorFlow, Python, AWS, PostgreSQL, Java, Machine Learning","Jenkins, Django",6.7,"Electrical Engineering, Information Technology, Computer Science",Not Required
INT011,Analytics Pro,Frontend Developer Intern,Business Intelligence,Noida,2,14000,2,"Angular, NumPy, PyTorch, Node.js, Power BI, JavaScript","Machine Learning, HTML/CSS, Data Analysis, Flask",7.4,"Computer Science, Electronics and Communication, Electrical Engineering, Information Technology",Preferred
INT012,WebCraft Digital,DevOps Intern,Web Development,Ahmedabad,3,10000,6,"NumPy, Data Analysis, Angular, REST APIs, Kubernetes","SQL, HTML/CSS, AWS",6.8,"Electrical Engineering, Mechanical Engineering, Information Technology",Preferred
INT013,InfraCode Systems,Cloud Engineer Intern,DevOps,Mumbai,3,47000,3,"REST APIs, Redis, Jenkins","Pandas, Machine Learning, Kubernetes",6.7,"Information Technology, Electrical Engineering, Electronics and Communication, Mechanical Engineering",Not Required
INT014,AI Innovations Lab,Web Developer Intern,Artificial Intelligence,Hyderabad,1,30000,6,"Flask, Data Analysis, C++","TensorFlow, MongoDB, Redis, Kubernetes",6.7,"Electrical Engineering, Computer Science, Civil Engineering, Electronics and Communication",Not Required
INT015,NextGen Software,Frontend Developer Intern,Full Stack Development,Delhi,2,37000,2,"Redis, Flask, PostgreSQL, REST APIs, Python, Django","Java, Data Analysis, C++, NumPy",6.5,"Information Technology, Electrical Engineering",Not Required
INT016,Innovate Systems,Mobile App Developer Intern,Enterprise Solutions,Ahmedabad,5,39000,2,"PyTorch, Jenkins, Angular, Node.js","Vue.js, NumPy",6.2,"Computer Science, Mechanical Engineering, Electrical Engineering, Electronics and Communication",Preferred
INT017,PixelPerfect Studios,Frontend Developer Intern,Frontend Development,Pune,4,30000,2,"JavaScript, PyTorch, Node.js","Kubernetes, HTML/CSS, Spring Boot",6.8,"Information Technology, Computer Science, Civil Engineering",Not Required
INT018,SecureNet Technologies,Web Developer Intern,Cybersecurity,Delhi,1,44000,6,"Node.js, MongoDB, Java, Jenkins, Git, PostgreSQL","Vue.js, Flask, Scikit-learn",7.7,"Information Technology, Civil Engineering",Not Required
INT019,CodeCrafters Inc,Web Developer Intern,Software Engineering,Kolkata,3,45000,3,"Angular, Java, Power BI","Node.js, C++",7.0,"Computer Science, Electronics and Communication, Electrical Engineering",Not Required
INT020,Digital Dynamics,Software Developer Intern,Digital Transformation,Bangalore,5,26000,3,"Git, Spring Boot, Pandas","REST APIs, AWS, PostgreSQL",7.6,"Information Technology, Computer Science",Not Required
INT021,CyberShield Corp,Data Analyst Intern,Information Security,Ahmedabad,1,23000,6,"Python, Machine Learning, SQL, Spring Boot","Kubernetes, NumPy, Flask",6.4,"Electronics and Communication, Electrical Engineering",Not Required
INT022,DataMinds Analytics,Full Stack Developer Intern,Data Science,Chennai,1,12000,2,"Jenkins, HTML/CSS, Python, JavaScript, Spring Boot","Node.js, Machine Learning, Data Analysis",6.7,"Electrical Engineering, Mechanical Engineering, Electronics and Communication",Not Required
INT023,Innovate Systems,ML Engineer Intern,Enterprise Solutions,Bangalore,2,48000,3,"Redis, Scikit-learn, Vue.js, Docker, React, Angular","Pandas, Git",7.6,"Electrical Engineering, Civil Engineering",Preferred
INT024,CyberShield Corp,Cloud Engineer Intern,Information Security,Noida,5,41000,6,"AWS, Git, Power BI, PostgreSQL, Docker, Flask","SQL, Spring Boot",7.0,"Computer Science, Information Technology, Civil Engineering, Electronics and Communication",Not Required
INT025,Analytics Pro,Data Analyst Intern,Business Intelligence,Hyderabad,5,39000,6,"Java, Machine Learning, TensorFlow, AWS","JavaScript, Django",6.7,"Electronics and Communication, Electrical Engineering, Civil Engineering, Mechanical Engineering",Not Required
INT026,Digital Dynamics,Data Science Intern,Digital Transformation,Ahmedabad,2,27000,2,"AWS, NumPy, Angular","Scikit-learn, Data Analysis, Jenkins",7.4,"Electrical Engineering, Computer Science",Not Required
INT027,Innovate Systems,Frontend Developer Intern,Enterprise Solutions,Gurugram,3,49000,2,"Redis, Pandas, Spring Boot","MongoDB, PostgreSQL, HTML/CSS",7.4,"Electronics and Communication, Electrical Engineering",Preferred
INT028,CyberShield Corp,Web Developer Intern,Information Security,Hyderabad,5,21000,3,"Angular, NumPy, Django","Python, Docker, MongoDB",7.0,"Mechanical Engineering, Computer Science, Information Technology",Preferred
INT029,TechVista Solutions,Cybersecurity Intern,Product Development,Delhi,3,22000,3,"Node.js, Java, Angular, PyTorch, Flask","Kubernetes, Redis, Docker",7.4,"Electrical Engineering, Electronics and Communication",Not Required
INT030,DataMinds Analytics,DevOps Intern,Data Science,Gurugram,5,36000,3,"Vue.js, TensorFlow, Scikit-learn, PyTorch, Pandas, NumPy","Redis, Jenkins",7.8,"Computer Science, Electrical Engineering",Preferred
INT031,TechVista Solutions,ML Engineer Intern,Product Development,Mumbai,3,11000,6,"AWS, Redis, JavaScript, C++, Kubernetes","Flask, Docker",6.2,"Electronics and Communication, Mechanical Engineering, Computer Science",Preferred
INT032,PixelPerfect Studios,Data Science Intern,Frontend Development,Mumbai,3,45000,3,"AWS, JavaScript, TensorFlow, Git, Machine Learning, Kubernetes","NumPy, Node.js",7.5,"Mechanical Engineering, Computer Science, Electronics and Communication",Not Required
INT033,CodeCrafters Inc,DevOps Intern,Software Engineering,Delhi,1,11000,2,"Docker, Redis, Python, MongoDB, Jenkins, Node.js","NumPy, JavaScript, PyTorch",6.6,"Information Technology, Computer Science, Mechanical Engineering",Not Required
INT034,InfraCode Systems,Full Stack Developer Intern,DevOps,Kolkata,5,46000,6,"Angular, PyTorch, Machine Learning, REST APIs, Kubernetes, Power BI","SQL, PostgreSQL",7.6,"Information Technology, Civil Engineering, Computer Science",Preferred
INT035,TechVista Solutions,Data Analyst Intern,Product Development,Noida,5,47000,6,"Machine Learning, HTML/CSS, Jenkins, NumPy","Django, TensorFlow",6.0,"Computer Science, Electrical Engineering, Information Technology, Civil Engineering",Not Required
INT036,CodeCrafters Inc,Backend Developer Intern,Software Engineering,Hyderabad,2,25000,2,"Power BI, Flask, Vue.js, HTML/CSS, Jenkins","C++, NumPy, Node.js",6.9,"Computer Science, Mechanical Engineering, Electrical Engineering, Civil Engineering",Not Required
INT037,ByteStream Solutions,DevOps Intern,Backend Development,Pune,2,19000,3,"Kubernetes, Angular, AWS, Data Analysis, Python, Vue.js","MongoDB, Docker, Node.js",6.6,"Electrical Engineering, Information Technology, Civil Engineering, Computer Science",Not Required
INT038,QuantumLeap Tech,Backend Developer Intern,Machine Learning,Delhi,1,17000,6,"Spring Boot, React, Python","Java, Pandas, Node.js",6.5,"Electrical Engineering, Civil Engineering, Information Technology",Not Required
INT039,DataMinds Analytics,Frontend Developer Intern,Data Science,Bangalore,2,14000,6,"Machine Learning, Node.js, Spring Boot, Scikit-learn, Git","Redis, Data Analysis, PyTorch",7.5,"Civil Engineering, Electronics and Communication",Preferred
INT040,QuantumLeap Tech,Full Stack Developer Intern,Machine Learning,Delhi,1,36000,2,"Angular, Redis, REST APIs, NumPy, Vue.js","Data Analysis, Machine Learning, PyTorch, React",6.8,"Computer Science, Civil Engineering, Electronics and Communication, Information Technology",Not Required
INT041,TechVista Solutions,Frontend Developer Intern,Product Development,Gurugram,2,35000,6,"PostgreSQL, Spring Boot, REST APIs, Flask","NumPy, C++",6.5,"Civil Engineering, Electronics and Communication, Computer Science, Mechanical Engineering",Preferred
INT042,AI Innovations Lab,Web Developer Intern,Artificial Intelligence,Chennai,5,33000,6,"Jenkins, Flask, TensorFlow, Java","MongoDB, Redis, Scikit-learn, PostgreSQL",6.7,"Information Technology, Civil Engineering, Computer Science, Electrical Engineering",Not Required
INT043,Innovate Systems,Frontend Developer Intern,Enterprise Solutions,Mumbai,4,42000,2,"Kubernetes, SQL, Flask, Machine Learning, Power BI, Data Analysis","AWS, Node.js",6.6,"Mechanical Engineering, Electrical Engineering, Civil Engineering, Information Technology",Not Required
INT044,PixelPerfect Studios,Data Analyst Intern,Frontend Development,Kolkata,3,47000,2,"Data Analysis, Git, Kubernetes","Java, AWS",6.0,"Civil Engineering, Electrical Engineering, Information Technology, Mechanical Engineering",Not Required
INT045,CodeCrafters Inc,ML Engineer Intern,Software Engineering,Ahmedabad,3,33000,2,"Docker, NumPy, MongoDB, Kubernetes, Pandas, Flask","Django, Jenkins, AWS, Python",7.2,"Computer Science, Electrical Engineering",Preferred
INT046,PixelPerfect Studios,Software Developer Intern,Frontend Development,Ahmedabad,2,33000,3,"PostgreSQL, SQL, REST APIs, Git, Java","Power BI, TensorFlow",6.1,"Information Technology, Electrical Engineering, Electronics and Communication, Civil Engineering",Not Required
INT047,CloudScale Tech,ML Engineer Intern,Cloud Infrastructure,Kolkata,2,33000,6,"Vue.js, AWS, Data Analysis","C++, Redis",6.8,"Information Technology, Electrical Engineering",Not Required
INT048,ByteStream Solutions,Mobile App Developer Intern,Backend Development,Noida,3,25000,6,"Machine Learning, React, Docker, Pandas, NumPy","Node.js, Jenkins, Data Analysis",6.9,"Civil Engineering, Electronics and Communication, Mechanical Engineering",Preferred
INT049,QuantumLeap Tech,Backend Developer Intern,Machine Learning,Noida,3,49000,3,"PostgreSQL, TensorFlow, C++, Node.js, Docker, Power BI","PyTorch, React",7.0,"Electrical Engineering, Information Technology, Mechanical Engineering",Preferred
INT050,Digital Dynamics,Web Developer Intern,Digital Transformation,Bangalore,2,27000,2,"SQL, REST APIs, HTML/CSS, Scikit-learn","React, Pandas, Docker, C++",6.9,"Electrical Engineering, Computer Science, Electronics and Communication",Preferred
INT051,PixelPerfect Studios,Mobile App Developer Intern,Frontend Development,Kolkata,3,33000,2,"Node.js, Pandas, HTML/CSS","REST APIs, JavaScript",7.9,"Electronics and Communication, Computer Science",Preferred
INT052,AI Innovations Lab,Cloud Engineer Intern,Artificial Intelligence,Noida,2,12000,3,"Angular, Spring Boot, Django, NumPy, Flask","REST APIs, Scikit-learn",7.9,"Mechanical Engineering, Electrical Engineering, Civil Engineering",Preferred
INT053,SecureNet Technologies,Web Developer Intern,Cybersecurity,Noida,2,30000,6,"SQL, Power BI, Redis, MongoDB, Jenkins","TensorFlow, Machine Learning, Scikit-learn, React",7.4,"Information Technology, Civil Engineering, Mechanical Engineering, Electronics and Communication",Not Required
INT054,CloudNine Systems,Frontend Developer Intern,Cloud Computing,Delhi,1,10000,2,"Python, AWS, Docker, Redis, Node.js, JavaScript","Data Analysis, Jenkins, Flask",7.9,"Civil Engineering, Mechanical Engineering, Electrical Engineering, Information Technology",Not Required
INT055,Innovate Systems,Data Science Intern,Enterprise Solutions,Chennai,3,40000,2,"Python, Flask, Node.js","Spring Boot, Angular",7.1,"Civil Engineering, Mechanical Engineering",Not Required
INT056,CloudScale Tech,Frontend Developer Intern,Cloud Infrastructure,Mumbai,4,49000,2,"Docker, Scikit-learn, Jenkins, PyTorch","C++, React",7.2,"Electronics and Communication, Computer Science",Preferred
INT057,Digital Dynamics,Frontend Developer Intern,Digital Transformation,Mumbai,2,39000,6,"REST APIs, Spring Boot, Jenkins, PyTorch, Vue.js","TensorFlow, React",6.8,"Computer Science, Electrical Engineering, Civil Engineering, Information Technology",Not Required
INT058,TechCorp Solutions,Cloud Engineer Intern,Software Development,Ahmedabad,1,20000,2,"Flask, Node.js, MongoDB, REST APIs, Spring Boot","Git, PostgreSQL, TensorFlow, Power BI",6.1,"Information Technology, Computer Science",Preferred
INT059,CyberShield Corp,Data Analyst Intern,Information Security,Gurugram,4,32000,2,"Flask, Docker, Kubernetes, REST APIs, Python, SQL","Machine Learning, Java",7.6,"Civil Engineering, Electrical Engineering, Computer Science, Information Technology",Preferred
INT060,CyberShield Corp,Backend Developer Intern,Information Security,Delhi,4,31000,2,"Kubernetes, PostgreSQL, Machine Learning, C++","Python, Java",6.9,"Civil Engineering, Mechanical Engineering, Electrical Engineering, Electronics and Communication",Not Required
INT061,Innovate Systems,Frontend Developer Intern,Enterprise Solutions,Chennai,5,31000,2,"NumPy, Redis, C++, Data Analysis, Django","HTML/CSS, PostgreSQL",7.7,"Information Technology, Electrical Engineering, Mechanical Engineering",Not Required
INT062,InfraCode Systems,Cybersecurity Intern,DevOps,Kolkata,2,38000,2,"Django, C++, Pandas, PyTorch, Data Analysis, Redis","Node.js, Java, HTML/CSS, Machine Learning",7.3,"Electrical Engineering, Electronics and Communication, Computer Science",Preferred
INT063,PixelPerfect Studios,Full Stack Developer Intern,Frontend Development,Bangalore,1,41000,3,"Angular, SQL, Power BI, Data Analysis, REST APIs","Vue.js, Flask",6.2,"Mechanical Engineering, Electrical Engineering, Electronics and Communication, Computer Science",Not Required
INT064,Analytics Pro,Cybersecurity Intern,Business Intelligence,Kolkata,5,42000,6,"Pandas, Django, Docker, Machine Learning, REST APIs","Power BI, JavaScript",6.1,"Mechanical Engineering, Electrical Engineering, Information Technology, Civil Engineering",Not Required
INT065,CloudNine Systems,Cloud Engineer Intern,Cloud Computing,Ahmedabad,5,25000,6,"Pandas, REST APIs, Django, SQL, Docker, AWS","JavaScript, Node.js",6.6,"Computer Science, Mechanical Engineering",Preferred
INT066,SmartData Corp,Cybersecurity Intern,Data Analysis,Noida,5,19000,3,"Power BI, Docker, Pandas, Python","TensorFlow, Java, Django",6.1,"Civil Engineering, Information Technology, Mechanical Engineering, Electrical Engineering",Not Required
INT067,Digital Dynamics,DevOps Intern,Digital Transformation,Chennai,4,47000,2,"PyTorch, Vue.js, NumPy, React, Redis, Java","Jenkins, Power BI",6.3,"Electronics and Communication, Mechanical Engineering",Not Required
INT068,SmartData Corp,Full Stack Developer Intern,Data Analysis,Ahmedabad,2,14000,2,"Python, Pandas, Redis, Django","Kubernetes, REST APIs, Angular",6.7,"Computer Science, Electronics and Communication, Information Technology, Electrical Engineering",Preferred
INT069,SecureNet Technologies,Frontend Developer Intern,Cybersecurity,Kolkata,4,11000,2,"PyTorch, Scikit-learn, Django","Jenkins, NumPy, SQL",6.8,"Computer Science, Information Technology, Electrical Engineering, Mechanical Engineering",Preferred
INT070,PixelPerfect Studios,Data Science Intern,Frontend Development,Hyderabad,4,31000,6,"React, NumPy, TensorFlow, Django","Scikit-learn, Angular, Data Analysis",7.2,"Civil Engineering, Mechanical Engineering, Electrical Engineering, Computer Science",Preferred
INT071,DataMinds Analytics,Full Stack Developer Intern,Data Science,Mumbai,1,41000,3,"C++, Jenkins, Machine Learning, Kubernetes, MongoDB, PyTorch","Java, Flask, Power BI",7.2,"Electrical Engineering, Mechanical Engineering, Electronics and Communication, Information Technology",Not Required
INT072,Analytics Pro,DevOps Intern,Business Intelligence,Delhi,4,25000,6,"Git, Node.js, Scikit-learn, JavaScript, Flask, AWS","Spring Boot, HTML/CSS, Python, Power BI",6.7,"Civil Engineering, Mechanical Engineering, Electrical Engineering",Not Required
INT073,AI Innovations Lab,Backend Developer Intern,Artificial Intelligence,Gurugram,4,29000,2,"Node.js, AWS, TensorFlow, Flask, PyTorch","Redis, JavaScript",6.5,"Electrical Engineering, Civil Engineering, Mechanical Engineering, Computer Science",Not Required
INT074,PixelPerfect Studios,Cybersecurity Intern,Frontend Development,Noida,2,15000,6,"React, SQL, Vue.js, MongoDB","Angular, Power BI, REST APIs, Machine Learning",6.2,"Computer Science, Electrical Engineering, Mechanical Engineering, Electronics and Communication",Preferred
INT075,MobileFirst Apps,ML Engineer Intern,Mobile Development,Mumbai,3,27000,6,"Power BI, Redis, Flask, Git, Docker","JavaScript, HTML/CSS, Kubernetes",6.5,"Mechanical Engineering, Electrical Engineering, Civil Engineering, Computer Science",Not Required
INT076,CodeCrafters Inc,Cloud Engineer Intern,Software Engineering,Noida,2,46000,2,"HTML/CSS, Angular, Jenkins","Data Analysis, Flask, AWS, Vue.js",6.8,"Mechanical Engineering, Electrical Engineering, Electronics and Communication, Information Technology",Preferred
INT077,NextGen Software,Full Stack Developer Intern,Full Stack Development,Pune,4,35000,2,"React, Python, TensorFlow, Angular, PostgreSQL","Kubernetes, SQL, Vue.js",6.9,"Electronics and Communication, Information Technology, Computer Science",Not Required
INT078,DataMinds Analytics,Backend Developer Intern,Data Science,Noida,5,44000,6,"TensorFlow, React, NumPy, Pandas, Power BI, AWS","REST APIs, HTML/CSS",6.6,"Information Technology, Electrical Engineering, Computer Science",Not Required
INT079,Analytics Pro,Frontend Developer Intern,Business Intelligence,Mumbai,4,48000,2,"Kubernetes, Angular, MongoDB, Spring Boot, TensorFlow, Git","Data Analysis, Java, Docker, NumPy",6.3,"Mechanical Engineering, Information Technology, Computer Science",Not Required
INT080,CloudNine Systems,Backend Developer Intern,Cloud Computing,Hyderabad,1,22000,2,"NumPy, Jenkins, PyTorch, MongoDB","Python, JavaScript",6.2,"Civil Engineering, Electronics and Communication",Preferred
INT081,NextGen Software,Frontend Developer Intern,Full Stack Development,Pune,5,44000,3,"TensorFlow, AWS, Django, Flask, React","HTML/CSS, Docker, Node.js, PostgreSQL",6.8,"Computer Science, Electronics and Communication, Information Technology",Not Required
INT082,TechVista Solutions,Backend Developer Intern,Product Development,Chennai,4,43000,2,"JavaScript, Power BI, Docker, NumPy, PyTorch","MongoDB, PostgreSQL, REST APIs, TensorFlow",7.4,"Electrical Engineering, Information Technology",Not Required
INT083,NextGen Software,Full Stack Developer Intern,Full Stack Development,Noida,4,25000,6,"Kubernetes, Jenkins, Pandas, Vue.js","Flask, Redis, Scikit-learn, NumPy",6.9,"Computer Science, Mechanical Engineering, Information Technology",Not Required
INT084,NextGen Software,Software Developer Intern,Full Stack Development,Delhi,5,49000,6,"Redis, Jenkins, Power BI","Git, React, Machine Learning, REST APIs",6.6,"Mechanical Engineering, Information Technology, Civil Engineering",Not Required
INT085,Analytics Pro,Backend Developer Intern,Business Intelligence,Bangalore,4,43000,3,"AWS, NumPy, Docker","Git, Pandas",7.1,"Computer Science, Electrical Engineering, Civil Engineering, Mechanical Engineering",Preferred
INT086,Innovate Systems,Data Science Intern,Enterprise Solutions,Noida,1,49000,3,"Jenkins, Python, SQL, Pandas","TensorFlow, MongoDB, React, Node.js",6.2,"Electrical Engineering, Computer Science, Civil Engineering",Preferred
INT087,SmartData Corp,Mobile App Developer Intern,Data Analysis,Kolkata,2,29000,6,"Git, Vue.js, Node.js, React, Java","TensorFlow, Docker",6.9,"Electrical Engineering, Information Technology",Preferred
INT088,SmartData Corp,Software Developer Intern,Data Analysis,Gurugram,2,28000,2,"HTML/CSS, React, Django, MongoDB","Angular, JavaScript, Flask, Python",6.5,"Mechanical Engineering, Electronics and Communication, Civil Engineering, Electrical Engineering",Preferred
INT089,InfraCode Systems,Data Science Intern,DevOps,Pune,2,13000,2,"TensorFlow, Data Analysis, SQL, Redis, Flask","REST APIs, Django",6.7,"Civil Engineering, Information Technology, Electrical Engineering, Computer Science",Not Required
INT090,CloudScale Tech,Cybersecurity Intern,Cloud Infrastructure,Noida,5,39000,2,"Machine Learning, Python, Data Analysis, Power BI","C++, Java",7.8,"Mechanical Engineering, Electrical Engineering",Not Required
INT091,Analytics Pro,ML Engineer Intern,Business Intelligence,Hyderabad,3,25000,2,"AWS, Spring Boot, PyTorch, MongoDB, Power BI, Git","Flask, Data Analysis, Pandas",6.8,"Information Technology, Mechanical Engineering, Electronics and Communication",Not Required
INT092,ByteStream Solutions,Frontend Developer Intern,Backend Development,Chennai,3,45000,2,"Docker, C++, Node.js, Power BI, HTML/CSS","Pandas, React, Git",7.8,"Civil Engineering, Information Technology",Preferred
INT093,CloudScale Tech,Mobile App Developer Intern,Cloud Infrastructure,Bangalore,5,27000,2,"Vue.js, Java, Jenkins, React, JavaScript, Flask","Kubernetes, SQL",6.4,"Information Technology, Electrical Engineering, Computer Science",Not Required
INT094,Innovate Systems,Data Analyst Intern,Enterprise Solutions,Gurugram,5,31000,6,"PyTorch, Data Analysis, Kubernetes, Docker","SQL, Redis, Spring Boot",6.1,"Civil Engineering, Electrical Engineering",Preferred
INT095,ByteStream Solutions,DevOps Intern,Backend Development,Delhi,5,17000,2,"Flask, REST APIs, MongoDB, NumPy, Vue.js, Power BI","TensorFlow, Jenkins, JavaScript",7.9,"Computer Science, Electrical Engineering",Not Required
INT096,SecureNet Technologies,ML Engineer Intern,Cybersecurity,Mumbai,4,30000,6,"Java, Python, Vue.js","Power BI, Django, Machine Learning",6.8,"Mechanical Engineering, Electronics and Communication",Not Required
INT097,MobileFirst Apps,ML Engineer Intern,Mobile Development,Noida,4,47000,2,"React, Node.js, Vue.js, Redis, Power BI","Python, PostgreSQL, Java, TensorFlow",7.3,"Mechanical Engineering, Electrical Engineering",Preferred
INT098,ByteStream Solutions,Frontend Developer Intern,Backend Development,Bangalore,4,42000,2,"Power BI, Pandas, Django, Angular, AWS, C++","Redis, MongoDB",6.4,"Information Technology, Computer Science, Civil Engineering",Not Required
INT099,DataMinds Analytics,Software Developer Intern,Data Science,Kolkata,2,50000,2,"TensorFlow, PostgreSQL, Scikit-learn, Git, Spring Boot","AWS, Django, Data Analysis",6.8,"Mechanical Engineering, Computer Science, Electrical Engineering, Civil Engineering",Not Required
INT100,InfraCode Systems,DevOps Intern,DevOps,Mumbai,2,28000,3,"Spring Boot, SQL, MongoDB, Node.js, Vue.js, Data Analysis","AWS, Jenkins, Scikit-learn",6.8,"Electronics and Communication, Computer Science, Electrical Engineering, Information Technology",Preferred
INT101,MobileFirst Apps,Frontend Developer Intern,Mobile Development,Delhi,4,30000,3,"Django, Redis, JavaScript, Jenkins","Git, React, Power BI, Scikit-learn",7.7,"Mechanical Engineering, Civil Engineering, Electrical Engineering",Not Required
INT102,CloudScale Tech,Frontend Developer Intern,Cloud Infrastructure,Noida,4,30000,3,"Java, Kubernetes, Power BI","Jenkins, Machine Learning, PostgreSQL, AWS",7.5,"Information Technology, Civil Engineering",Preferred
INT103,PixelPerfect Studios,Cloud Engineer Intern,Frontend Development,Pune,2,15000,2,"Node.js, PyTorch, React, Django","Jenkins, Flask",6.7,"Civil Engineering, Electronics and Communication, Information Technology",Not Required
INT104,AI Innovations Lab,Web Developer Intern,Artificial Intelligence,Ahmedabad,4,36000,2,"JavaScript, Data Analysis, React, Power BI, Git","Machine Learning, Java, MongoDB",7.2,"Computer Science, Civil Engineering, Electrical Engineering",Not Required
INT105,Innovate Systems,ML Engineer Intern,Enterprise Solutions,Bangalore,5,45000,2,"Python, REST APIs, Redis","HTML/CSS, Vue.js",7.5,"Electrical Engineering, Information Technology, Civil Engineering",Not Required
INT106,SmartData Corp,Software Developer Intern,Data Analysis,Delhi,3,46000,3,"Pandas, Machine Learning, Python, Docker","Kubernetes, Redis, Vue.js",7.6,"Civil Engineering, Computer Science",Preferred
INT107,TechVista Solutions,Cloud Engineer Intern,Product Development,Hyderabad,3,41000,3,"Angular, REST APIs, Python, Java, Docker, TensorFlow","Flask, AWS",6.9,"Mechanical Engineering, Civil Engineering, Electronics and Communication",Preferred
INT108,ByteStream Solutions,Full Stack Developer Intern,Backend Development,Mumbai,5,50000,3,"TensorFlow, Git, Node.js, PyTorch","Jenkins, HTML/CSS, Python, REST APIs",6.7,"Information Technology, Electronics and Communication, Mechanical Engineering, Computer Science",Not Required
INT109,SecureNet Technologies,Full Stack Developer Intern,Cybersecurity,Kolkata,5,19000,2,"Django, Docker, PostgreSQL, Jenkins","Pandas, MongoDB",7.3,"Electrical Engineering, Mechanical Engineering, Information Technology",Not Required
INT110,DataMinds Analytics,Mobile App Developer Intern,Data Science,Pune,4,21000,2,"Machine Learning, Spring Boot, PyTorch, Git","Docker, C++, Java",6.7,"Civil Engineering, Mechanical Engineering, Computer Science",Not Required
INT111,NextGen Software,Cloud Engineer Intern,Full Stack Development,Kolkata,2,42000,6,"Redis, PostgreSQL, PyTorch, TensorFlow, Vue.js, Jenkins","Spring Boot, Node.js, Machine Learning",7.9,"Electronics and Communication, Computer Science, Information Technology, Electrical Engineering",Preferred
INT112,CyberShield Corp,Frontend Developer Intern,Information Security,Delhi,5,37000,6,"Git, Kubernetes, JavaScript, MongoDB, Angular","Django, Java, Spring Boot",8.0,"Electrical Engineering, Information Technology",Preferred
INT113,Analytics Pro,Web Developer Intern,Business Intelligence,Gurugram,1,17000,3,"Machine Learning, AWS, Git, NumPy","Power BI, React",7.3,"Mechanical Engineering, Electrical Engineering",Preferred
INT114,ByteStream Solutions,Cybersecurity Intern,Backend Development,Noida,5,10000,2,"Node.js, Power BI, Kubernetes, Python","Docker, Machine Learning",6.2,"Information Technology, Computer Science, Civil Engineering",Preferred
INT115,ByteStream Solutions,Data Analyst Intern,Backend Development,Delhi,3,19000,2,"Power BI, SQL, MongoDB","Vue.js, Jenkins, PostgreSQL",6.4,"Electronics and Communication, Computer Science",Not Required
INT116,SecureNet Technologies,Data Science Intern,Cybersecurity,Bangalore,4,12000,2,"C++, Pandas, REST APIs, Power BI","TensorFlow, SQL, Java",7.7,"Civil Engineering, Electronics and Communication",Preferred
INT117,ByteStream Solutions,Data Science Intern,Backend Development,Ahmedabad,4,50000,3,"PyTorch, NumPy, Vue.js, Scikit-learn, Python, Kubernetes","Java, Jenkins, React, PostgreSQL",7.2,"Computer Science, Mechanical Engineering, Civil Engineering, Information Technology",Preferred
INT118,MobileFirst Apps,ML Engineer Intern,Mobile Development,Pune,3,43000,2,"SQL, Kubernetes, Scikit-learn, TensorFlow, Power BI","C++, HTML/CSS, JavaScript",6.6,"Mechanical Engineering, Electronics and Communication, Electrical Engineering, Civil Engineering",Not Required
INT119,TechVista Solutions,Cybersecurity Intern,Product Development,Mumbai,5,38000,2,"AWS, React, Pandas, Node.js","Django, Java",6.1,"Electrical Engineering, Civil Engineering",Not Required
INT120,Analytics Pro,Mobile App Developer Intern,Business Intelligence,Hyderabad,3,50000,6,"Node.js, Jenkins, SQL","C++, Docker",7.3,"Computer Science, Electronics and Communication",Preferred
INT121,MobileFirst Apps,ML Engineer Intern,Mobile Development,Pune,1,44000,2,"Angular, PostgreSQL, Redis, Flask","Jenkins, AWS",6.8,"Information Technology, Computer Science, Electrical Engineering",Not Required
INT122,WebCraft Digital,Data Science Intern,Web Development,Kolkata,4,46000,3,"Node.js, TensorFlow, PyTorch, PostgreSQL, SQL","Docker, NumPy",7.4,"Electrical Engineering, Computer Science",Not Required
INT123,Digital Dynamics,Data Science Intern,Digital Transformation,Delhi,4,39000,6,"PostgreSQL, React, REST APIs, Python, Node.js, Django","Docker, Data Analysis",7.0,"Information Technology, Mechanical Engineering, Civil Engineering",Not Required
INT124,TechCorp Solutions,ML Engineer Intern,Software Development,Bangalore,1,49000,6,"JavaScript, AWS, Angular, Kubernetes, Power BI","MongoDB, PostgreSQL, Python",6.6,"Computer Science, Electronics and Communication, Information Technology, Electrical Engineering",Preferred
INT125,PixelPerfect Studios,Data Science Intern,Frontend Development,Mumbai,3,11000,3,"Kubernetes, Django, Python, TensorFlow, Machine Learning","Git, SQL, Angular, HTML/CSS",6.8,"Mechanical Engineering, Computer Science, Information Technology",Preferred
INT126,Digital Dynamics,Backend Developer Intern,Digital Transformation,Kolkata,4,49000,3,"PostgreSQL, Python, Pandas","Jenkins, Machine Learning, Java, Vue.js",6.9,"Electrical Engineering, Electronics and Communication, Computer Science",Not Required
INT127,Digital Dynamics,Web Developer Intern,Digital Transformation,Chennai,3,10000,2,"PyTorch, Node.js, Docker, Power BI, Scikit-learn, Spring Boot","TensorFlow, Machine Learning, Jenkins, React",7.1,"Computer Science, Electrical Engineering, Information Technology, Civil Engineering",Not Required
INT128,WebCraft Digital,Data Science Intern,Web Development,Bangalore,1,22000,3,"Git, PyTorch, SQL","REST APIs, Python, JavaScript",7.8,"Computer Science, Electronics and Communication, Electrical Engineering, Mechanical Engineering",Not Required
INT129,NextGen Software,Frontend Developer Intern,Full Stack Development,Delhi,1,40000,6,"Scikit-learn, AWS, Kubernetes, JavaScript, PostgreSQL","TensorFlow, Java",7.3,"Civil Engineering, Electronics and Communication, Mechanical Engineering",Not Required
INT130,Digital Dynamics,Cloud Engineer Intern,Digital Transformation,Kolkata,2,50000,6,"Node.js, PyTorch, Kubernetes","Power BI, Java, AWS",7.5,"Computer Science, Electronics and Communication, Civil Engineering, Mechanical Engineering",Preferred
INT131,ByteStream Solutions,Cloud Engineer Intern,Backend Development,Gurugram,1,46000,2,"C++, Redis, Scikit-learn","Power BI, Flask, PostgreSQL",6.8,"Mechanical Engineering, Electrical Engineering, Civil Engineering, Information Technology",Preferred
INT132,CloudScale Tech,Frontend Developer Intern,Cloud Infrastructure,Bangalore,3,46000,3,"C++, AWS, Java","SQL, PyTorch, Node.js, Pandas",6.8,"Computer Science, Mechanical Engineering, Civil Engineering",Preferred
INT133,DataMinds Analytics,ML Engineer Intern,Data Science,Bangalore,2,45000,2,"Vue.js, Flask, MongoDB, Data Analysis, Docker","Node.js, NumPy, Jenkins, React",6.6,"Electrical Engineering, Information Technology",Not Required
INT134,SmartData Corp,Cybersecurity Intern,Data Analysis,Noida,2,44000,3,"Kubernetes, MongoDB, Flask, Vue.js, TensorFlow, AWS","NumPy, Node.js",7.2,"Information Technology, Electronics and Communication",Preferred
INT135,TechCorp Solutions,ML Engineer Intern,Software Development,Pune,1,49000,2,"Angular, Git, SQL, Vue.js, REST APIs, TensorFlow","Docker, Django, PostgreSQL",6.6,"Electrical Engineering, Mechanical Engineering",Not Required
INT136,Analytics Pro,Web Developer Intern,Business Intelligence,Chennai,4,32000,2,"REST APIs, JavaScript, Pandas, PostgreSQL","Docker, Kubernetes, AWS, Git",6.3,"Mechanical Engineering, Information Technology",Not Required
INT137,ByteStream Solutions,Web Developer Intern,Backend Development,Pune,1,34000,6,"Java, Scikit-learn, C++, Git","Machine Learning, Data Analysis, Django",7.6,"Electronics and Communication, Information Technology",Not Required
INT138,NextGen Software,Mobile App Developer Intern,Full Stack Development,Hyderabad,3,31000,2,"SQL, HTML/CSS, Node.js, Kubernetes, TensorFlow, Pandas","MongoDB, Machine Learning, Docker",6.9,"Electronics and Communication, Electrical Engineering, Civil Engineering",Not Required
INT139,WebCraft Digital,Mobile App Developer Intern,Web Development,Pune,2,27000,3,"JavaScript, C++, Docker, Django","Vue.js, Flask, HTML/CSS",8.0,"Mechanical Engineering, Electronics and Communication, Information Technology",Preferred
INT140,CloudNine Systems,Cybersecurity Intern,Cloud Computing,Gurugram,5,29000,2,"HTML/CSS, MongoDB, TensorFlow, C++, PyTorch","JavaScript, SQL, PostgreSQL",6.2,"Electronics and Communication, Mechanical Engineering, Information Technology",Preferred
INT141,NextGen Software,Backend Developer Intern,Full Stack Development,Bangalore,5,48000,6,"Node.js, Machine Learning, Docker, PostgreSQL, SQL, Django","Jenkins, Kubernetes",7.2,"Electronics and Communication, Civil Engineering, Computer Science",Not Required
INT142,TechCorp Solutions,Software Developer Intern,Software Development,Ahmedabad,3,17000,3,"Spring Boot, JavaScript, Kubernetes, TensorFlow, MongoDB","NumPy, Vue.js, SQL",7.8,"Computer Science, Electronics and Communication",Preferred
INT143,Analytics Pro,ML Engineer Intern,Business Intelligence,Pune,3,22000,2,"PostgreSQL, TensorFlow, JavaScript","Data Analysis, Git",8.0,"Electrical Engineering, Mechanical Engineering",Not Required
INT144,NextGen Software,ML Engineer Intern,Full Stack Development,Pune,2,13000,6,"Power BI, Machine Learning, Spring Boot","Python, Docker, Kubernetes",7.5,"Computer Science, Electrical Engineering, Mechanical Engineering",Preferred
INT145,CyberShield Corp,Cybersecurity Intern,Information Security,Kolkata,2,38000,3,"PyTorch, Kubernetes, React","Pandas, TensorFlow",7.2,"Electrical Engineering, Computer Science, Mechanical Engineering, Information Technology",Not Required
INT146,CloudNine Systems,Backend Developer Intern,Cloud Computing,Ahmedabad,1,32000,6,"C++, PyTorch, Node.js","Python, SQL, Kubernetes",8.0,"Mechanical Engineering, Computer Science",Not Required
INT147,PixelPerfect Studios,Software Developer Intern,Frontend Development,Bangalore,4,20000,6,"Kubernetes, Scikit-learn, TensorFlow, MongoDB, Spring Boot, React","SQL, Java",7.1,"Electronics and Communication, Civil Engineering",Not Required
INT148,AI Innovations Lab,Frontend Developer Intern,Artificial Intelligence,Mumbai,4,49000,3,"REST APIs, Power BI, Jenkins, Spring Boot, Redis, Docker","Machine Learning, Node.js, Java, PostgreSQL",6.1,"Electronics and Communication, Electrical Engineering",Not Required
INT149,NextGen Software,Software Developer Intern,Full Stack Development,Ahmedabad,2,41000,2,"Vue.js, Scikit-learn, Pandas, Power BI","JavaScript, Redis, Flask",7.2,"Civil Engineering, Electronics and Communication",Preferred
INT150,CyberShield Corp,Backend Developer Intern,Information Security,Ahmedabad,3,40000,6,"SQL, PyTorch, Redis, AWS, Vue.js, Scikit-learn","NumPy, Node.js, Spring Boot, Machine Learning",6.1,"Mechanical Engineering, Electrical Engineering, Civil Engineering",Preferred
